Created date / time : 7 April 2024 / 08:55:46,,,,,,
Card Number XXXX-XXXX-XXXX-1588 (Visa Light),,,,,,
From date 20210401,,,,,,
To date 20220331,,,,,,
Date Processed,Date of Transaction,Unique Id,Tran Type,Reference,Description,Amount
,,,,,,
1/04/2021,1/04/2021,,CREDIT,690,PAYMENT RECEIVED THANK YOU,-76.45
1/04/2021,1/04/2021,,CREDIT,690,PAYMENT RECEIVED THANK YOU,-75.45
1/04/2021,31/03/2021,,DEBIT,690,Onceit Newmarket,166.67
2/04/2021,2/04/2021,,CREDIT,690,PAYMENT RECEIVED THANK YOU,-31.58
2/04/2021,1/04/2021,,DEBIT,690,NEW WORLD STONEFIELDS AUCKLAND NZ,9.95
2/04/2021,31/03/2021,,DEBIT,690,KFC PANMURE - 502 PANMURE,1.06
2/04/2021,1/04/2021,,DEBIT,690,BURGER FUEL MT WELLINGTON AUCKLAND,16.61
2/04/2021,1/04/2021,,DEBIT,690,OPEN CAFE AND CATERING AUCKLAND,1.17
3/04/2021,3/04/2021,,CREDIT,690,PAYMENT RECEIVED THANK YOU,-24.23
3/04/2021,3/04/2021,,DEBIT,690,NETFLIX.COM LOS GATOS CA,24.2
5/04/2021,4/04/2021,,CREDIT,690,PAYMENT RECEIVED THANK YOU,-1.62
5/04/2021,5/04/2021,,CREDIT,690,PAYMENT RECEIVED THANK YOU,-88.13
5/04/2021,5/04/2021,,CREDIT,690,PAYMENT RECEIVED THANK YOU,-3.95
5/04/2021,5/04/2021,,CREDIT,690,PAYMENT RECEIVED THANK YOU,-3.95
5/04/2021,5/04/2021,,DEBIT,690,Z Panmure Auckland,14.85
5/04/2021,4/04/2021,,DEBIT,690,LOLA AUCKLAND,1.98
5/04/2021,3/04/2021,,DEBIT,690,MCDONALDS MT WELLINGTON AUCKLAND,2.11
6/04/2021,6/04/2021,,CREDIT,690,PAYMENT RECEIVED THANK YOU,-4.94
7/04/2021,5/04/2021,,DEBIT,690,KFC PANMURE - 502 PANMURE,4.01
7/04/2021,5/04/2021,,DEBIT,690,MCDONALDS MT WELLINGTON AUCKLAND,4.92
7/04/2021,5/04/2021,,DEBIT,690,APPLE.COM/BILL SYDNEY,11.27
9/04/2021,8/04/2021,,CREDIT,690,PAYMENT RECEIVED THANK YOU,-35.51
9/04/2021,9/04/2021,,CREDIT,690,PAYMENT RECEIVED THANK YOU,-107.37
9/04/2021,8/04/2021,,DEBIT,690,BURGER FUEL MT WELLINGTON AUCKLAND,27.91
9/04/2021,8/04/2021,,DEBIT,690,PAPER CRANE AUCKLAND,19.46
10/04/2021,10/04/2021,,CREDIT,690,PAYMENT RECEIVED THANK YOU,-45.35
10/04/2021,9/04/2021,,DEBIT,690,BURGER FUEL MT WELLINGTON AUCKLAND,22.43
10/04/2021,8/04/2021,,DEBIT,690,KFC PANMURE - 502 PANMURE,3.72
10/04/2021,9/04/2021,,DEBIT,690,BUNNINGS - 9493 MT WELLINGTON,31.23
10/04/2021,9/04/2021,,DEBIT,690,LOLA AUCKLAND,20.18
10/04/2021,9/04/2021,,DEBIT,690,LOLA AUCKLAND,8.04
10/04/2021,8/04/2021,,DEBIT,690,MCDONALDS MT WELLINGTON AUCKLAND,3.48
11/04/2021,10/04/2021,,DEBIT,690,LITTLE ELEPHANTS CAFE AUCKLAND,6.07
11/04/2021,9/04/2021,,DEBIT,690,US Mobile 888-8781488 NY 9.07 US DOLLAR at a Conversion Rate  of 0.7009 (NZ$12.94),10.41
11/04/2021,9/04/2021,,DEBIT,690,OFFSHORE SERVICE MARGINS,0.35
12/04/2021,11/04/2021,,CREDIT,690,PAYMENT RECEIVED THANK YOU,-20
12/04/2021,12/04/2021,,CREDIT,690,PAYMENT RECEIVED THANK YOU,-1.24
12/04/2021,11/04/2021,,DEBIT,690,Z Panmure Auckland,37.68
13/04/2021,13/04/2021,,DEBIT,690,PAK N SAVE SYLVIA PARK AUCKLAND,12.2
13/04/2021,12/04/2021,,DEBIT,690,PARKMATE NZ AUCKLAND,4.71
13/04/2021,11/04/2021,,DEBIT,690,KFC PANMURE - 502 PANMURE,3.8
14/04/2021,13/04/2021,,CREDIT,690,PAYMENT RECEIVED THANK YOU,-132.23
14/04/2021,13/04/2021,,CREDIT,690,PAYMENT RECEIVED THANK YOU,-101.56
14/04/2021,13/04/2021,,DEBIT,690,SUBWAY EPSOM AUCKLAND,4.55
15/04/2021,15/04/2021,,CREDIT,690,PAYMENT RECEIVED THANK YOU,-477.44
16/04/2021,14/04/2021,,DEBIT,690,SOMETHING AND SOCIAL AUCKLAND,59.07
16/04/2021,15/04/2021,,DEBIT,690,SKINNY AUCKLAND,7.72
16/04/2021,14/04/2021,,DEBIT,690,AIA NEW ZEALAND 094888800,86.72
17/04/2021,17/04/2021,,CREDIT,690,PAYMENT RECEIVED THANK YOU,-1037.68
17/04/2021,15/04/2021,,DEBIT,690,MCDONALDS MT WELLINGTON AUCKLAND,7.36
17/04/2021,15/04/2021,,DEBIT,690,ALIEXPRESS.COM London,2.88
17/04/2021,15/04/2021,,DEBIT,690,PAYPAL  AIRBNB  HM5BS9 35314369001,36.65
17/04/2021,15/04/2021,,DEBIT,690,WWW.ALIEXPRESS.COM LONDON,788.82
17/04/2021,15/04/2021,,DEBIT,690,ALIEXPRESS.COM London,23.18
17/04/2021,15/04/2021,,DEBIT,690,ALIEXPRESS.COM London,0.88
17/04/2021,15/04/2021,,DEBIT,690,ALIEXPRESS.COM London,4.38
17/04/2021,15/04/2021,,DEBIT,690,ALIEXPRESS.COM London,21.49
17/04/2021,15/04/2021,,DEBIT,690,ALIEXPRESS.COM London,4.2
18/04/2021,17/04/2021,,DEBIT,690,PAK N SAVE SYLVIA PARK AUCKLAND,2.41
18/04/2021,18/04/2021,,DEBIT,690,CW Wstfield Newmarket Auckland,80.72
18/04/2021,17/04/2021,,DEBIT,690,Life Pharmacy Sylvia PK Sylvia Park,12.13
18/04/2021,18/04/2021,,DEBIT,690,Tai Ping Newmarket Auckland,0.29
18/04/2021,17/04/2021,,DEBIT,690,BURGER FUEL MT WELLINGTON AUCKLAND,29.43
19/04/2021,19/04/2021,,CREDIT,690,PAYMENT RECEIVED THANK YOU,-433.19
19/04/2021,18/04/2021,,DEBIT,690,Adairs Sylvia Park Mt Wellington,59
19/04/2021,18/04/2021,,DEBIT,690,TSUJIRI AUCKLAND,30.99
19/04/2021,17/04/2021,,DEBIT,690,BURGER FUEL MT WELLINGTON AUCKLAND,2.81
19/04/2021,17/04/2021,,DEBIT,690,GUTHRIE BOWRON (26) PANMURE,3.36
19/04/2021,18/04/2021,,DEBIT,690,L'AMERICANO ESPRESSO AUCKLAND,14.45
19/04/2021,18/04/2021,,DEBIT,690,COUNTDOWN AUCKLAND,46.09
19/04/2021,17/04/2021,,DEBIT,690,SHAMPOO N THINGS SHOP2 AUCKLAND,4.48
20/04/2021,20/04/2021,,CREDIT,690,PAYMENT RECEIVED THANK YOU,-87.53
21/04/2021,20/04/2021,,DEBIT,690,AT Hop Auckland Remuera,23.3
21/04/2021,20/04/2021,,DEBIT,690,TOWER INSURANCE - EIS 093692079,7.1
21/04/2021,20/04/2021,,DEBIT,690,TOWER INSURANCE - EIS 093692079,7.82
21/04/2021,20/04/2021,,DEBIT,690,TOWER INSURANCE - EIS 093692079,131.03
22/04/2021,21/04/2021,,DEBIT,690,SKINNY AUCKLAND,12.67
23/04/2021,22/04/2021,,DEBIT,690,CASH ADVANCE WITHDRAWAL,23.78
24/04/2021,23/04/2021,,DEBIT,690,VICTORY CHRISTIAN CHUR AUK,19.17
24/04/2021,24/04/2021,,DEBIT,690,Hesari Supermarket Auckland,78.5
24/04/2021,24/04/2021,,DEBIT,690,PAK N SAVE SYLVIA PARK AUCKLAND,99.45
24/04/2021,23/04/2021,,DEBIT,690,LE PETITE FOURCHETTE AUCKLAND,7.36
24/04/2021,23/04/2021,,DEBIT,690,TB LUNN AVE 103 AUCKLAND,9.5
25/04/2021,24/04/2021,,DEBIT,690,RICHOUX PATISSERIE ELLERSLIE,0.66
25/04/2021,24/04/2021,,DEBIT,690,Z Panmure Auckland,39.72
25/04/2021,24/04/2021,,DEBIT,690,CERES WHOLEFOODS AUCKLAND,14.87
25/04/2021,24/04/2021,,DEBIT,690,LITTLE ELEPHANTS CAFE AUCKLAND,4.99
25/04/2021,23/04/2021,,DEBIT,690,UBER TRIP HELP.UBER.COM Vorden,2.91
25/04/2021,23/04/2021,,DEBIT,690,UBER    TRIP HELP.UBER.COM,1.38
26/04/2021,25/04/2021,,DEBIT,690,LOLA AUCKLAND,4.22
26/04/2021,25/04/2021,,DEBIT,690,HARVEY NORMAN AUCKLAND,227.33
27/04/2021,25/04/2021,,DEBIT,690,KFC PANMURE - 502 PANMURE,21.18
27/04/2021,26/04/2021,,DEBIT,690,SKINNY AUCKLAND,6.67
28/04/2021,27/04/2021,,DEBIT,690,VICTORY CHRISTIAN CHUR AUK,9.59
29/04/2021,29/04/2021,,CREDIT,690,PAYMENT RECEIVED THANK YOU,-30.01
29/04/2021,28/04/2021,,DEBIT,690,FUNLAB NZ LTD AUCKLAND,229.68
29/04/2021,28/04/2021,,DEBIT,690,SKINNY AUCKLAND,4.76
30/04/2021,30/04/2021,,DEBIT,690,CORNER BURGER NEWMARKET,84.9
1/05/2021,1/05/2021,,DEBIT,690,CASH ADVANCE WITHDRAWAL,317.17
1/05/2021,1/05/2021,,DEBIT,690,Z Panmure Auckland,31.87
1/05/2021,30/04/2021,,DEBIT,690,WESTFIELD SHOPPING CTRE AUCKLAND,15.35
1/05/2021,30/04/2021,,DEBIT,690,WESTFIELD SHOPPING CTRE AUCKLAND,8.89
2/05/2021,2/05/2021,,DEBIT,690,Downtown Car Park Auckland,0.63
2/05/2021,30/04/2021,,DEBIT,690,ARCHIE BROTHERS AUCKLAND,65.53
3/05/2021,3/05/2021,,CREDIT,690,PAYMENT RECEIVED THANK YOU,-452.41
3/05/2021,3/05/2021,,CREDIT,690,PAYMENT RECEIVED THANK YOU,-77.82
3/05/2021,3/05/2021,,CREDIT,690,PAYMENT RECEIVED THANK YOU,-94.06
3/05/2021,2/05/2021,,DEBIT,690,NEW WORLD STONEFIELDS AUCKLAND NZ,205.86
3/05/2021,3/05/2021,,DEBIT,690,NETFLIX.COM LOS GATOS CA,13.89
3/05/2021,1/05/2021,,DEBIT,690,COBRA LIQUOR AUCKLAND,2.32
3/05/2021,1/05/2021,,DEBIT,690,KFC PANMURE - 502 PANMURE,8.98
4/05/2021,3/05/2021,,CREDIT,690,PAYMENT RECEIVED THANK YOU,-1327.98
4/05/2021,2/05/2021,,DEBIT,690,HAWKER ROLL COMMERCIAL BA AUCKLAND,39.85
4/05/2021,2/05/2021,,DEBIT,690,ALIEXPRESS.COM London,57.17
6/05/2021,6/05/2021,,CREDIT,690,PAYMENT RECEIVED THANK YOU,-2.51
6/05/2021,6/05/2021,,CREDIT,690,PAYMENT RECEIVED THANK YOU,-23.02
7/05/2021,7/05/2021,,CREDIT,690,PAYMENT RECEIVED THANK YOU,-24.71
7/05/2021,7/05/2021,,CREDIT,690,PAYMENT RECEIVED THANK YOU,-12.09
7/05/2021,6/05/2021,,DEBIT,690,VICTORY CHRISTIAN CHUR AUK,17.34
7/05/2021,6/05/2021,,DEBIT,690,TOWER INSURANCE - EIS 093692079,24.97
8/05/2021,8/05/2021,,CREDIT,690,PAYMENT RECEIVED THANK YOU,-66.11
8/05/2021,7/05/2021,,DEBIT,690,VICTORY CHRISTIAN CHUR AUK,26.3
8/05/2021,7/05/2021,,DEBIT,690,OLA HELP.OLA.CO.NZ AUCKLAND,6.52
8/05/2021,6/05/2021,,DEBIT,690,APPLE.COM/BILL SYDNEY,24.28
8/05/2021,6/05/2021,,DEBIT,690,ALIEXPRESS.COM London,28.14
9/05/2021,8/05/2021,,CREDIT,690,PAYMENT RECEIVED THANK YOU,-20.74
10/05/2021,9/05/2021,,CREDIT,690,PAYMENT RECEIVED THANK YOU,-62.3
10/05/2021,10/05/2021,,CREDIT,690,PAYMENT RECEIVED THANK YOU,-7.53
10/05/2021,8/05/2021,,DEBIT,690,TB LUNN AVE 103 AUCKLAND,15.94
10/05/2021,8/05/2021,,DEBIT,690,MYLOTTO.CO.NZ NEW ZEALAND,39.38
10/05/2021,10/05/2021,,DEBIT,690,INTEREST ON CASH ADVANCES,0.09
11/05/2021,10/05/2021,,CREDIT,690,PAYMENT RECEIVED THANK YOU,-223.32
11/05/2021,10/05/2021,,CREDIT,690,PAYMENT RECEIVED THANK YOU,-0.01
11/05/2021,10/05/2021,,DEBIT,690,MYRENT AUCKLAND,9.5
11/05/2021,9/05/2021,,DEBIT,690,PAYPAL  CHRISTOPHER 4029357733,33.72
11/05/2021,9/05/2021,,DEBIT,690,US Mobile 888-8781488 NY 9.07 US DOLLAR at a Conversion Rate  of 0.7204 (NZ$12.59),3.55
11/05/2021,9/05/2021,,DEBIT,690,OFFSHORE SERVICE MARGINS,0.02
11/05/2021,9/05/2021,,DEBIT,690,ALIEXPRESS.COM London,9.25
11/05/2021,9/05/2021,,DEBIT,690,ALIEXPRESS.COM London,5.77
12/05/2021,11/05/2021,,CREDIT,690,PAYMENT RECEIVED THANK YOU,-0.34
12/05/2021,12/05/2021,,DEBIT,690,Z Panmure Auckland,4.73
12/05/2021,10/05/2021,,DEBIT,690,MoonPay 7242 Valletta,141.83
13/05/2021,12/05/2021,,CREDIT,690,PAYMENT RECEIVED THANK YOU,-33.58
13/05/2021,12/05/2021,,DEBIT,690,OPEN CAFE AND CATERING AUCKLAND,1.03
14/05/2021,14/05/2021,,CREDIT,690,PAYMENT RECEIVED THANK YOU,-24.49
15/05/2021,15/05/2021,,CREDIT,690,PAYMENT RECEIVED THANK YOU,-31.16
15/05/2021,14/05/2021,,DEBIT,690,VICTORY CHRISTIAN CHUR AUK,19.64
15/05/2021,14/05/2021,,DEBIT,690,Starbucks Sylvia Pk Auckland,2.06
16/05/2021,16/05/2021,,CREDIT,690,PAYMENT RECEIVED THANK YOU,-717.8
16/05/2021,15/05/2021,,DEBIT,690,LEXINIC AUCKLAND,234.08
16/05/2021,15/05/2021,,DEBIT,690,LEXINIC AUCKLAND,128.42
16/05/2021,16/05/2021,,DEBIT,690,CW Glen Innes Auckland,92.24
16/05/2021,15/05/2021,,DEBIT,690,SNO CAFE AUCKLAND,9.48
17/05/2021,16/05/2021,,DEBIT,690,The Warehouse 190 Lunn AVE,2.73
17/05/2021,14/05/2021,,DEBIT,690,AIA NEW ZEALAND 094888800,43.11
17/05/2021,16/05/2021,,DEBIT,690,BUNNINGS - 9493 MT WELLINGTON,4.32
17/05/2021,16/05/2021,,DEBIT,690,BUNNINGS - 9493 MT WELLINGTON,120.83
17/05/2021,16/05/2021,,DEBIT,690,TB LUNN AVE 103 AUCKLAND,16.89
18/05/2021,17/05/2021,,DEBIT,690,LEXINIC AUCKLAND,46.18
18/05/2021,17/05/2021,,DEBIT,690,OLA HELP.OLA.CO.NZ AUCKLAND,0.9
18/05/2021,16/05/2021,,DEBIT,690,FLEXI BIN AUCKLAND,91.47
19/05/2021,18/05/2021,,DEBIT,690,NEW WORLD STONEFIELDS AUCKLAND NZ,81.32
19/05/2021,18/05/2021,,DEBIT,690,SKINNY AUCKLAND,4.81
20/05/2021,20/05/2021,,CREDIT,690,PAYMENT RECEIVED THANK YOU,-140.02
20/05/2021,20/05/2021,,CREDIT,690,PAYMENT RECEIVED THANK YOU,-1623.32
20/05/2021,19/05/2021,,DEBIT,690,AKL COUNCIL ONLINE AKL,1010.55
20/05/2021,19/05/2021,,DEBIT,690,Convenience fee AC AUK,15.29
20/05/2021,19/05/2021,,DEBIT,690,Forever New Newmarket,11.39
21/05/2021,20/05/2021,,DEBIT,690,TOWER INSURANCE - EIS 093692079,102.47
21/05/2021,20/05/2021,,DEBIT,690,TOWER INSURANCE - EIS 093692079,14.86
21/05/2021,20/05/2021,,DEBIT,690,TOWER INSURANCE - EIS 093692079,98.33
22/05/2021,22/05/2021,,CREDIT,690,PAYMENT RECEIVED THANK YOU,-5.46
22/05/2021,22/05/2021,,CREDIT,690,PAYMENT RECEIVED THANK YOU,-17.56
22/05/2021,22/05/2021,,CREDIT,690,PAYMENT RECEIVED THANK YOU,-2.13
22/05/2021,21/05/2021,,DEBIT,690,VICTORY CHRISTIAN CHUR AUK,47.58
22/05/2021,21/05/2021,,DEBIT,690,OLA HELP.OLA.CO.NZ AUCKLAND,2.44
23/05/2021,23/05/2021,,CREDIT,690,PAYMENT RECEIVED THANK YOU,-26.49
23/05/2021,23/05/2021,,CREDIT,690,PAYMENT RECEIVED THANK YOU,-15.63
23/05/2021,22/05/2021,,DEBIT,690,PAK N SAVE SYLVIA PARK AUCKLAND,12.75
23/05/2021,22/05/2021,,DEBIT,690,REPCO AUCKLAND,22.29
24/05/2021,23/05/2021,,DEBIT,690,SKINNY AUCKLAND,3.44
25/05/2021,24/05/2021,,DEBIT,690,CASH ADVANCE WITHDRAWAL,73.72
27/05/2021,26/05/2021,,DEBIT,690,Z Panmure Auckland,25.8
28/05/2021,28/05/2021,,CREDIT,690,PAYMENT RECEIVED THANK YOU,-195.6
28/05/2021,28/05/2021,,CREDIT,690,PAYMENT RECEIVED THANK YOU,-123.3
28/05/2021,27/05/2021,,DEBIT,690,VICTORY CHRISTIAN CHUR AUK,26.1
28/05/2021,28/05/2021,,DEBIT,690,AT Hop Auckland Remuera,13.28
29/05/2021,29/05/2021,,CREDIT,690,PAYMENT RECEIVED THANK YOU,-27.9
29/05/2021,28/05/2021,,DEBIT,690,VICTORY CHRISTIAN CHUR AUK,6.78
29/05/2021,28/05/2021,,DEBIT,690,SUBWAY EPSOM AUCKLAND,13.6
30/05/2021,30/05/2021,,CREDIT,690,PAYMENT RECEIVED THANK YOU,-3.1
30/05/2021,30/05/2021,,CREDIT,690,PAYMENT RECEIVED THANK YOU,-151.9
30/05/2021,29/05/2021,,DEBIT,690,Onceit Newmarket,13.27
30/05/2021,30/05/2021,,DEBIT,690,TM  TICKETMASTERNZ 038632151,110.03
30/05/2021,29/05/2021,,DEBIT,690,Downtown Car Park Auckland,0.36
31/05/2021,31/05/2021,,CREDIT,690,PAYMENT RECEIVED THANK YOU,-1995.08
31/05/2021,30/05/2021,,DEBIT,690,NIKE NZ LIMITED ONEHUNGA MALL,179.36
31/05/2021,30/05/2021,,DEBIT,690,LEVI STRAUSS (NZ) LTD ONE ONEHUNGA,95.94
31/05/2021,30/05/2021,,DEBIT,690,LEXINIC AUCKLAND,291.79
31/05/2021,30/05/2021,,DEBIT,690,LEXINIC AUCKLAND,263.62
1/06/2021,31/05/2021,,CREDIT,690,PAYMENT RECEIVED THANK YOU,-173.71
1/06/2021,31/05/2021,,DEBIT,690,PAK N SAVE SYLVIA PARK AUCKLAND,28.71
1/06/2021,31/05/2021,,DEBIT,690,The Warehouse 186 Sylvia Park,72.44
1/06/2021,1/06/2021,,DEBIT,690,2degrees Mobile Auckland,2.45
2/06/2021,2/06/2021,,CREDIT,690,PAYMENT RECEIVED THANK YOU,-39.95
2/06/2021,2/06/2021,,CREDIT,690,PAYMENT RECEIVED THANK YOU,-78.82
2/06/2021,2/06/2021,,DEBIT,690,Postie Sylvia Galleria Mt Wellington,34.17
2/06/2021,31/05/2021,,DEBIT,690,COUNTDOWN MT WELLINGTON AUCKLAND,15.35
3/06/2021,2/06/2021,,CREDIT,690,2degrees Mobile Auckland,-6.14
3/06/2021,3/06/2021,,DEBIT,690,NETFLIX.COM LOS GATOS CA,22.82
3/06/2021,2/06/2021,,DEBIT,690,2degrees Mobile Auckland,12.91
3/06/2021,2/06/2021,,DEBIT,690,MAJESTICTEABARSYLVIAPARK AUCKLAND,3.27
3/06/2021,2/06/2021,,DEBIT,690,TESLA NEW ZEALAND ULC Wellington,245.47
4/06/2021,4/06/2021,,CREDIT,690,PAYMENT RECEIVED THANK YOU,-90.72
4/06/2021,2/06/2021,,DEBIT,690,ZARA AUCKLAND,83.83
4/06/2021,3/06/2021,,DEBIT,690,LE PETITE FOURCHETTE AUCKLAND,3.11
4/06/2021,3/06/2021,,DEBIT,690,TOWER INSURANCE - EIS 093692079,238.75
5/06/2021,5/06/2021,,CREDIT,690,PAYMENT RECEIVED THANK YOU,-0.27
5/06/2021,4/06/2021,,DEBIT,690,Caltex Abbotts Way Remuera,0.53
5/06/2021,4/06/2021,,DEBIT,690,COBRA LIQUOR AUCKLAND,14.36
6/06/2021,6/06/2021,,CREDIT,690,PAYMENT RECEIVED THANK YOU,-91.34
6/06/2021,6/06/2021,,DEBIT,690,Provisions Arrowtown,34.3
7/06/2021,5/06/2021,,DEBIT,690,DOMINO'S PIZZA PAPAK PAPAKURA,23.98
7/06/2021,7/06/2021,,CREDIT,690,PAYMENT RECEIVED THANK YOU,-12.47
7/06/2021,6/06/2021,,DEBIT,690,Kai Whakapai Wanaka,10.72
7/06/2021,6/06/2021,,DEBIT,690,Luma Light Festival Cromwell,8.51
7/06/2021,6/06/2021,,DEBIT,690,Pak N Save Queenstown Frankton,38.7
7/06/2021,6/06/2021,,DEBIT,690,Fergburger Queenstown,23.08
8/06/2021,8/06/2021,,CREDIT,690,PAYMENT RECEIVED THANK YOU,-391.96
8/06/2021,7/06/2021,,DEBIT,690,Thai Restaurant Queenstown,128.93
8/06/2021,7/06/2021,,DEBIT,690,Fergbaker Queenstown,0.11
8/06/2021,7/06/2021,,DEBIT,690,Bettys Frankton Frankton,25.24
8/06/2021,6/06/2021,,DEBIT,690,HUDSONS AUCKLAND AIRPORT AUCKLAND,16.1
8/06/2021,6/06/2021,,DEBIT,690,TOWER INSURANCE - EIS 093692079,62.18
8/06/2021,6/06/2021,,DEBIT,690,LIFES A GRIND ESPRESSO - QUEENSTOWN,6.25
9/06/2021,8/06/2021,,DEBIT,690,Qldc Parking Queenstown,9.56
9/06/2021,7/06/2021,,DEBIT,690,NEW WORLD WAKATIPU QUEENSTOWN,72.3
9/06/2021,8/06/2021,,DEBIT,690,NEW WORLD WAKATIPU QUEENSTOWN,33.07
9/06/2021,7/06/2021,,DEBIT,690,APPLE.COM/BILL SYDNEY,18.94
10/06/2021,10/06/2021,,CREDIT,690,PAYMENT RECEIVED THANK YOU,-22.91
10/06/2021,10/06/2021,,CREDIT,690,PAYMENT RECEIVED THANK YOU,-0.77
10/06/2021,9/06/2021,,DEBIT,690,Qldc Parking Queenstown,4.55
10/06/2021,9/06/2021,,DEBIT,690,AKARUA-ARTISAN ARROWTOWN,119.07
10/06/2021,9/06/2021,,DEBIT,690,Fergburger Queenstown,10.18
10/06/2021,9/06/2021,,DEBIT,690,BESPOKE KITCHEN QUEENSTOWN,23.15
10/06/2021,8/06/2021,,DEBIT,690,US Mobile 888-8781488 NY 9.07 US DOLLAR at a Conversion Rate  of 0.7187 (NZ$12.62),9.59
10/06/2021,8/06/2021,,DEBIT,690,OFFSHORE SERVICE MARGINS,0.12
10/06/2021,10/06/2021,,DEBIT,690,INTEREST ON CASH ADVANCES,0.13
11/06/2021,10/06/2021,,DEBIT,690,PAK N SAVE SYLVIA PARK AUCKLAND,77.28
11/06/2021,10/06/2021,,DEBIT,690,Warehouse Stationery Sylvia Park,0.57
11/06/2021,10/06/2021,,DEBIT,690,REMUERA PAPER PLUS AUCKLAND,9.7
11/06/2021,10/06/2021,,CREDIT,690,PAYMENT RECEIVED THANK YOU,-177.83
11/06/2021,11/06/2021,,CREDIT,690,PAYMENT RECEIVED THANK YOU,-11.73
11/06/2021,10/06/2021,,DEBIT,690,MYRENT AUCKLAND,19.01
12/06/2021,11/06/2021,,DEBIT,690,VICTORY CHRISTIAN CHUR AUK,9.52
12/06/2021,10/06/2021,,DEBIT,690,VICTORY CONVENTION CENTRE AUCKLAND,22.84
12/06/2021,11/06/2021,,DEBIT,690,QUOTABLE VALUE NZ WEB AUCKLAND,3.74
12/06/2021,11/06/2021,,DEBIT,690,QUOTABLE VALUE NZ WEB AUCKLAND,10.99
13/06/2021,12/06/2021,,CREDIT,690,PAYMENT RECEIVED THANK YOU,-6.6
13/06/2021,12/06/2021,,DEBIT,690,VODAFONE EVENTS CENTRE AUCKLAND,5.4
14/06/2021,14/06/2021,,CREDIT,690,PAYMENT RECEIVED THANK YOU,-69.03
14/06/2021,14/06/2021,,CREDIT,690,PAYMENT RECEIVED THANK YOU,-5.73
14/06/2021,13/06/2021,,DEBIT,690,Une-Deux Cafe Glenbrook,41.82
15/06/2021,14/06/2021,,DEBIT,690,LEXINIC AUCKLAND,6.88
15/06/2021,13/06/2021,,DEBIT,690,SKINNY AUCKLAND,14.21
15/06/2021,14/06/2021,,DEBIT,690,PARKMATE NZ AUCKLAND,2.29
15/06/2021,14/06/2021,,DEBIT,690,OLA HELP.OLA.CO.NZ AUCKLAND,4.73
16/06/2021,16/06/2021,,CREDIT,690,PAYMENT RECEIVED THANK YOU,-34.97
16/06/2021,16/06/2021,,CREDIT,690,PAYMENT RECEIVED THANK YOU,-6.41
16/06/2021,15/06/2021,,DEBIT,690,THE COFFEE CLUB AUCKLAND,3.56
16/06/2021,14/06/2021,,DEBIT,690,AIA NEW ZEALAND 094888800,49.18
17/06/2021,16/06/2021,,DEBIT,690,SKINNY AUCKLAND,0.79
17/06/2021,16/06/2021,,DEBIT,690,WILSON P27 FORT AUCKLAND,8.67
17/06/2021,15/06/2021,,DEBIT,690,BDD REQUIRMENTS COURSE DUBLIN 47.00 US DOLLAR at a Conversion Rate  of 0.7103 (NZ$66.17),83.86
17/06/2021,15/06/2021,,DEBIT,690,OFFSHORE SERVICE MARGINS,0.05
19/06/2021,18/06/2021,,DEBIT,690,VICTORY CHRISTIAN CHUR AUK,6.62
19/06/2021,18/06/2021,,DEBIT,690,VICTORY CHRISTIAN CHUR AUK,16.08
19/06/2021,19/06/2021,,DEBIT,690,NEW WORLD STONEFIELDS AUCKLAND NZ,117.2
20/06/2021,19/06/2021,,CREDIT,690,PAYMENT RECEIVED THANK YOU,-257.75
20/06/2021,20/06/2021,,CREDIT,690,PAYMENT RECEIVED THANK YOU,-371.67
21/06/2021,20/06/2021,,CREDIT,690,PAYMENT RECEIVED THANK YOU,-15.3
21/06/2021,19/06/2021,,DEBIT,690,SKYCITY - FLARE BAR AUCKLAND,6.65
21/06/2021,19/06/2021,,DEBIT,690,SKYCITY - FOOD REPUBLIC AUCKLAND,10.96
21/06/2021,19/06/2021,,DEBIT,690,PONSONBY POOL HALL AUCKLAND,15.46
21/06/2021,19/06/2021,,DEBIT,690,PONSONBY POOL HALL AUCKLAND,1.13
21/06/2021,20/06/2021,,DEBIT,690,SKINNY AUCKLAND,2.86
22/06/2021,22/06/2021,,DEBIT,690,CASH ADVANCE WITHDRAWAL,77.19
22/06/2021,20/06/2021,,DEBIT,690,TOWER INSURANCE - EIS 093692079,3.99
22/06/2021,20/06/2021,,DEBIT,690,TOWER INSURANCE - EIS 093692079,106.64
22/06/2021,20/06/2021,,DEBIT,690,TOWER INSURANCE - EIS 093692079,58.47
23/06/2021,22/06/2021,,DEBIT,690,CASH ADVANCE WITHDRAWAL,152.52
23/06/2021,23/06/2021,,DEBIT,690,CASH ADVANCE WITHDRAWAL,26.11
24/06/2021,24/06/2021,,CREDIT,690,PAYMENT RECEIVED THANK YOU,-231.81
24/06/2021,24/06/2021,,DEBIT,690,CASH ADVANCE WITHDRAWAL,37.04
24/06/2021,23/06/2021,,DEBIT,690,Unichem Wynyard Pharmcy Auckland,40.65
24/06/2021,23/06/2021,,DEBIT,690,THE COFFEE CLUB CUSTOM ST AUCKLAND,7.79
24/06/2021,23/06/2021,,DEBIT,690,WILSON PARKING AUCKLAND,9.13
24/06/2021,23/06/2021,,DEBIT,690,WILSON PARKING AUCKLAND,7.44
25/06/2021,24/06/2021,,DEBIT,690,VICTORY CHRISTIAN CHUR AUK,7.05
26/06/2021,26/06/2021,,CREDIT,690,PAYMENT RECEIVED THANK YOU,-22.49
26/06/2021,26/06/2021,,CREDIT,690,PAYMENT RECEIVED THANK YOU,-24.33
26/06/2021,25/06/2021,,DEBIT,690,OLA HELP.OLA.CO.NZ AUCKLAND,1.38
26/06/2021,25/06/2021,,DEBIT,690,OLA HELP.OLA.CO.NZ AUCKLAND,18.46
27/06/2021,26/06/2021,,DEBIT,690,MITRE 10 MEGA MT WTGN MOUNT WELLING,51.1
28/06/2021,27/06/2021,,CREDIT,690,PAYMENT RECEIVED THANK YOU,-4.26
28/06/2021,27/06/2021,,DEBIT,690,The Warehouse 186 Sylvia Park,18.32
28/06/2021,27/06/2021,,DEBIT,690,FLEXI BIN AUCKLAND,103.48
29/06/2021,27/06/2021,,DEBIT,690,KFC PANMURE - 502 PANMURE,4.01
30/06/2021,30/06/2021,,CREDIT,690,PAYMENT RECEIVED THANK YOU,-9.15
30/06/2021,30/06/2021,,DEBIT,690,Z Ellerslie Auckland,9.46
3/07/2021,3/07/2021,,CREDIT,690,PAYMENT RECEIVED THANK YOU,-5.44
3/07/2021,2/07/2021,,DEBIT,690,Netflix New Zealand -,20.22
4/07/2021,3/07/2021,,DEBIT,690,SUBWAY WAIRAU PARK AUCKLAND,8.69
4/07/2021,2/07/2021,,DEBIT,690,KFC GREENLANE - 604 GREENLANE,6.02
5/07/2021,4/07/2021,,CREDIT,690,PAYMENT RECEIVED THANK YOU,-196.09
5/07/2021,4/07/2021,,DEBIT,690,PAK N SAVE SYLVIA PARK AUCKLAND,43.85
5/07/2021,4/07/2021,,DEBIT,690,AT Parking Auckland,0.75
5/07/2021,4/07/2021,,DEBIT,690,AJISEN RAMEN AUCKLAND,33.89
6/07/2021,6/07/2021,,CREDIT,690,PAYMENT RECEIVED THANK YOU,-27.83
6/07/2021,5/07/2021,,DEBIT,690,PARKMATE NZ AUCKLAND,4.11
7/07/2021,7/07/2021,,CREDIT,690,PAYMENT RECEIVED THANK YOU,-1.15
7/07/2021,6/07/2021,,DEBIT,690,TOWER INSURANCE - EIS 093692079,4.04
7/07/2021,5/07/2021,,DEBIT,690,APPLE.COM/BILL SYDNEY,12.65
8/07/2021,8/07/2021,,CREDIT,690,PAYMENT RECEIVED THANK YOU,-131.58
8/07/2021,7/07/2021,,DEBIT,690,VICTORY CHRISTIAN CHUR AUK,23.56
8/07/2021,7/07/2021,,DEBIT,690,Z Panmure Auckland,92.77
9/07/2021,9/07/2021,,CREDIT,690,PAYMENT RECEIVED THANK YOU,-0.57
10/07/2021,10/07/2021,,CREDIT,690,PAYMENT RECEIVED THANK YOU,-8.16
10/07/2021,9/07/2021,,DEBIT,690,PARKABLE  57 MARKET RO AUCKLAND,7.81
10/07/2021,8/07/2021,,DEBIT,690,US Mobile 888-8781488 NY 9.07 US DOLLAR at a Conversion Rate  of 0.6934 (NZ$13.08),18.85
10/07/2021,8/07/2021,,DEBIT,690,OFFSHORE SERVICE MARGINS,0.26
10/07/2021,10/07/2021,,DEBIT,690,INTEREST ON CASH ADVANCES,0.06
11/07/2021,10/07/2021,,DEBIT,690,MYRENT AUCKLAND,19.11
11/07/2021,10/07/2021,,DEBIT,690,Nood Newmarket Newmarket,608.88
11/07/2021,10/07/2021,,DEBIT,690,AT Parking Auckland,0.25
13/07/2021,12/07/2021,,DEBIT,690,PARKMATE NZ AUCKLAND,0.01
14/07/2021,14/07/2021,,CREDIT,690,PAYMENT RECEIVED THANK YOU,-57.38
14/07/2021,14/07/2021,,CREDIT,690,PAYMENT RECEIVED THANK YOU,-7.27
14/07/2021,13/07/2021,,DEBIT,690,SKINNY AUCKLAND,12.07
15/07/2021,14/07/2021,,DEBIT,690,MYLOTTO.CO.NZ NEW ZEALAND,29.94
16/07/2021,15/07/2021,,DEBIT,690,VICTORY CHRISTIAN CHUR AUK,9.86
16/07/2021,14/07/2021,,DEBIT,690,AIA NEW ZEALAND 094888800,29.42
17/07/2021,15/07/2021,,DEBIT,690,KFC PANMURE - 502 PANMURE,10.53
17/07/2021,16/07/2021,,DEBIT,690,SUBWAY EPSOM AUCKLAND,3.61
18/07/2021,17/07/2021,,DEBIT,690,OLA HELP.OLA.CO.NZ AUCKLAND,2.39
18/07/2021,17/07/2021,,DEBIT,690,OLA HELP.OLA.CO.NZ AUCKLAND,6.53
19/07/2021,18/07/2021,,DEBIT,690,SKINNY AUCKLAND,16.88
19/07/2021,17/07/2021,,DEBIT,690,TB LUNN AVE 103 AUCKLAND,6.17
19/07/2021,18/07/2021,,DEBIT,690,BUNNINGS - 9493 MT WELLINGTON,2.72
20/07/2021,20/07/2021,,CREDIT,690,PAYMENT RECEIVED THANK YOU,-82.24
20/07/2021,19/07/2021,,DEBIT,690,PARKMATE NZ AUCKLAND,2.16
21/07/2021,20/07/2021,,DEBIT,690,VICTORY CHRISTIAN CHUR AUK,10.32
21/07/2021,20/07/2021,,DEBIT,690,TOWER INSURANCE - EIS 093692079,128.88
21/07/2021,20/07/2021,,DEBIT,690,TOWER INSURANCE - EIS 093692079,106.52
21/07/2021,20/07/2021,,DEBIT,690,TOWER INSURANCE - EIS 093692079,118.09
22/07/2021,22/07/2021,,CREDIT,690,PAYMENT RECEIVED THANK YOU,-873.77
22/07/2021,21/07/2021,,DEBIT,690,NEW WORLD STONEFIELDS AUCKLAND NZ,52.68
24/07/2021,23/07/2021,,CREDIT,690,PAYMENT RECEIVED THANK YOU,-113.32
25/07/2021,24/07/2021,,DEBIT,690,"FURNITURE NOW SYLVIA P SYLVIA PARK,",215.29
25/07/2021,24/07/2021,,DEBIT,690,PAK N SAVE SYLVIA PARK AUCKLAND,63.25
25/07/2021,24/07/2021,,DEBIT,690,Life Pharmacy Sylvia PK Sylvia Park,7.62
25/07/2021,23/07/2021,,DEBIT,690,DEGRAND AUCKLAND,112.32
26/07/2021,25/07/2021,,DEBIT,690,MITRE 10 MEGA MT WTGN MOUNT WELLING,12.79
27/07/2021,27/07/2021,,DEBIT,690,ASB Casino SkyCity    AUC KLAND,73.93
27/07/2021,27/07/2021,,DEBIT,690,ASB Casino SkyCity    AUC KLAND,86.93
27/07/2021,27/07/2021,,DEBIT,690,Downtown Car Park Auckland,4.78
28/07/2021,28/07/2021,,CREDIT,690,PAYMENT RECEIVED THANK YOU,-1256.61
28/07/2021,27/07/2021,,DEBIT,690,ASB Casino SkyCity    AUC KLAND,12.96
28/07/2021,26/07/2021,,DEBIT,690,PARKABLE  57 MARKET RO AUCKLAND,4.67
29/07/2021,27/07/2021,,DEBIT,690,PAYPAL  AIRBNB  HMXQB3 35314369001,716.96
29/07/2021,27/07/2021,,DEBIT,690,PAYPAL  AIRBNB  HM2NPB 35314369001,159.45
30/07/2021,30/07/2021,,CREDIT,690,PAYMENT RECEIVED THANK YOU,-20.56
30/07/2021,30/07/2021,,CREDIT,690,PAYMENT RECEIVED THANK YOU,-1060.53
30/07/2021,29/07/2021,,DEBIT,690,OLA HELP.OLA.CO.NZ AUCKLAND,4.88
30/07/2021,28/07/2021,,DEBIT,690,PAYPAL  SKILLCERTP 4029357733,12.54
31/07/2021,30/07/2021,,DEBIT,690,VICTORY CHRISTIAN CHUR AUK,12.94
31/07/2021,30/07/2021,,DEBIT,690,NAMASTE DELHI AUCKLAND,2.28
1/08/2021,1/08/2021,,CREDIT,690,PAYMENT RECEIVED THANK YOU,-20.93
1/08/2021,31/07/2021,,DEBIT,690,COBRA LIQUOR AUCKLAND,38.76
2/08/2021,2/08/2021,,CREDIT,690,PAYMENT RECEIVED THANK YOU,-166.25
2/08/2021,1/08/2021,,DEBIT,690,Neon Auckland,4.52
3/08/2021,3/08/2021,,CREDIT,690,PAYMENT RECEIVED THANK YOU,-15.98
3/08/2021,3/08/2021,,CREDIT,690,PAYMENT RECEIVED THANK YOU,-101.18
3/08/2021,3/08/2021,,DEBIT,690,Remuera Branch        AUC KLAND,79.74
3/08/2021,3/08/2021,,DEBIT,690,ASB Sky City Casin    AUC KLAND,148.32
3/08/2021,2/08/2021,,DEBIT,690,NAMASTE DELHI AUCKLAND,52.79
3/08/2021,2/08/2021,,DEBIT,690,KMART NEW ZEALAND LT AUCKLAND,28.21
4/08/2021,4/08/2021,,CREDIT,690,PAYMENT RECEIVED THANK YOU,-4.72
4/08/2021,4/08/2021,,CREDIT,690,PAYMENT RECEIVED THANK YOU,-32.67
5/08/2021,5/08/2021,,CREDIT,690,PAYMENT RECEIVED THANK YOU,-18.83
5/08/2021,4/08/2021,,DEBIT,690,JAPAN MART SYLVIA PARK AUCKLAND,24.29
6/08/2021,6/08/2021,,CREDIT,690,PAYMENT RECEIVED THANK YOU,-11.58
6/08/2021,6/08/2021,,CREDIT,690,PAYMENT RECEIVED THANK YOU,-1.01
6/08/2021,6/08/2021,,CREDIT,690,PAYMENT RECEIVED THANK YOU,-2.02
6/08/2021,6/08/2021,,CREDIT,690,PAYMENT RECEIVED THANK YOU,-38.73
6/08/2021,5/08/2021,,DEBIT,690,VICTORY CHRISTIAN CHUR AUK,8.74
6/08/2021,4/08/2021,,DEBIT,690,KFC PANMURE - 502 PANMURE,5.64
6/08/2021,5/08/2021,,DEBIT,690,OLA HELP.OLA.CO.NZ AUCKLAND,5.9
7/08/2021,6/08/2021,,CREDIT,690,PAYMENT RECEIVED THANK YOU,-30.06
7/08/2021,6/08/2021,,DEBIT,690,VICTORY CHRISTIAN CHUR AUK,18.4
7/08/2021,6/08/2021,,DEBIT,690,TOWER INSURANCE - EIS 093692079,36.85
7/08/2021,5/08/2021,,DEBIT,690,APPLE.COM/BILL SYDNEY,19.26
8/08/2021,8/08/2021,,CREDIT,690,PAYMENT RECEIVED THANK YOU,-11.74
9/08/2021,8/08/2021,,DEBIT,690,CARE PARK NZ BROADWAY AUCKLAND,5.78
9/08/2021,7/08/2021,,DEBIT,690,US Mobile 888-8781488 NY 9.07 US DOLLAR at a Conversion Rate  of 0.6998 (NZ$12.96),4.9
9/08/2021,7/08/2021,,DEBIT,690,OFFSHORE SERVICE MARGINS,0.29
10/08/2021,9/08/2021,,DEBIT,690,LEXINIC AUCKLAND,215.86
10/08/2021,10/08/2021,,DEBIT,690,INTEREST ON CASH ADVANCES,0.15
11/08/2021,11/08/2021,,CREDIT,690,PAYMENT RECEIVED THANK YOU,-549.39
11/08/2021,11/08/2021,,CREDIT,690,PAYMENT RECEIVED THANK YOU,-30.73
11/08/2021,10/08/2021,,DEBIT,690,MYRENT AUCKLAND,15.75
11/08/2021,10/08/2021,,DEBIT,690,SKINNY AUCKLAND,19.39
12/08/2021,11/08/2021,,DEBIT,690,VICTORY CHRISTIAN CHUR AUK,18.7
12/08/2021,11/08/2021,,DEBIT,690,SKINNY AUCKLAND,25.37
13/08/2021,12/08/2021,,DEBIT,690,VICTORY CHRISTIAN CHUR AUK,8.43
14/08/2021,14/08/2021,,CREDIT,690,PAYMENT RECEIVED THANK YOU,-21.16
14/08/2021,14/08/2021,,CREDIT,690,PAYMENT RECEIVED THANK YOU,-3.35
14/08/2021,13/08/2021,,DEBIT,690,OLA HELP.OLA.CO.NZ AUCKLAND,2.62
14/08/2021,13/08/2021,,DEBIT,690,OLA HELP.OLA.CO.NZ AUCKLAND,4.72
15/08/2021,14/08/2021,,CREDIT,690,PAYMENT RECEIVED THANK YOU,-8.03
15/08/2021,15/08/2021,,CREDIT,690,PAYMENT RECEIVED THANK YOU,-9.39
16/08/2021,16/08/2021,,CREDIT,690,PAYMENT RECEIVED THANK YOU,-3.83
16/08/2021,15/08/2021,,DEBIT,690,CHIPMUNKS NEW LYNN AUCKLAND,1.14
16/08/2021,15/08/2021,,DEBIT,690,POLLEN AUCKLAND,7.95
16/08/2021,14/08/2021,,DEBIT,690,KFC PANMURE - 502 PANMURE,5.93
16/08/2021,15/08/2021,,DEBIT,690,DUST   GLOW LIMITED AUCKLAND,12.56
16/08/2021,14/08/2021,,DEBIT,690,PAYPAL  TEST PREP 4029357733,15.16
17/08/2021,16/08/2021,,DEBIT,690,PARKABLE  57 MARKET RO AUCKLAND,4.48
17/08/2021,17/08/2021,,DEBIT,690,Bhana Brothers Ponsonby,1.33
17/08/2021,15/08/2021,,DEBIT,690,NZ EXHIBITION AND EVENTS AUCKLAND,5.82
18/08/2021,18/08/2021,,CREDIT,690,PAYMENT RECEIVED THANK YOU,-137.14
18/08/2021,18/08/2021,,CREDIT,690,PAYMENT RECEIVED THANK YOU,-32.62
18/08/2021,16/08/2021,,DEBIT,690,AIA NEW ZEALAND 094888800,101.4
18/08/2021,17/08/2021,,DEBIT,690,OLA HELP.OLA.CO.NZ AUCKLAND,2.56
18/08/2021,17/08/2021,,DEBIT,690,OLA HELP.OLA.CO.NZ AUCKLAND,18.06
18/08/2021,16/08/2021,,DEBIT,690,DEGRAND AUCKLAND,39.01
19/08/2021,18/08/2021,,CREDIT,690,PAYMENT RECEIVED THANK YOU,-107.12
19/08/2021,19/08/2021,,CREDIT,690,PAYMENT RECEIVED THANK YOU,-1.6
20/08/2021,18/08/2021,,DEBIT,690,VYPE NZ SYDNEY,27.56
21/08/2021,20/08/2021,,DEBIT,690,TOWER INSURANCE - EIS 093692079,90.78
21/08/2021,20/08/2021,,DEBIT,690,TOWER INSURANCE - EIS 093692079,47.52
21/08/2021,20/08/2021,,DEBIT,690,TOWER INSURANCE - EIS 093692079,80.03
23/08/2021,23/08/2021,,DEBIT,690,CASH ADVANCE WITHDRAWAL,13.73
24/08/2021,23/08/2021,,DEBIT,690,CASH ADVANCE WITHDRAWAL,297.6
25/08/2021,25/08/2021,,DEBIT,690,CASH ADVANCE WITHDRAWAL,48.63
27/08/2021,27/08/2021,,CREDIT,690,PAYMENT RECEIVED THANK YOU,-1460.5
27/08/2021,27/08/2021,,CREDIT,690,PAYMENT RECEIVED THANK YOU,-28.02
28/08/2021,27/08/2021,,DEBIT,690,AKL COUNCIL ONLINE AKL,159.33
28/08/2021,27/08/2021,,DEBIT,690,Convenience fee AC AUK,34.11
30/08/2021,30/08/2021,,CREDIT,690,PAYMENT RECEIVED THANK YOU,-5.21
30/08/2021,28/08/2021,,DEBIT,690,VYPE NZ SYDNEY,34.11
1/09/2021,1/09/2021,,DEBIT,690,Neon Auckland,20.58
2/09/2021,2/09/2021,,CREDIT,690,PAYMENT RECEIVED THANK YOU,-164.44
2/09/2021,31/08/2021,,DEBIT,690,ALIEXPRESS.COM London,17.87
2/09/2021,31/08/2021,,DEBIT,690,ALIEXPRESS.COM London,0.7
2/09/2021,31/08/2021,,DEBIT,690,ALIEXPRESS.COM London,1.08
3/09/2021,3/09/2021,,CREDIT,690,PAYMENT RECEIVED THANK YOU,-37.82
4/09/2021,2/09/2021,,DEBIT,690,ALIEXPRESS.COM London,6.51
4/09/2021,2/09/2021,,DEBIT,690,ALIEXPRESS.COM London,6.08
6/09/2021,6/09/2021,,DEBIT,690,New World Stonefields Onl Auckland,457.93
6/09/2021,6/09/2021,,DEBIT,690,Akld Transport Web Auckland City,133.7
7/09/2021,6/09/2021,,DEBIT,690,TOWER INSURANCE - EIS 093692079,55.31
7/09/2021,5/09/2021,,DEBIT,690,APPLE.COM/BILL SYDNEY,17.7
7/09/2021,5/09/2021,,DEBIT,690,ALIEXPRESS.COM London,15.12
8/09/2021,8/09/2021,,CREDIT,690,PAYMENT RECEIVED THANK YOU,-62.48
8/09/2021,7/09/2021,,DEBIT,690,SKINNY AUCKLAND,15.52
8/09/2021,7/09/2021,,DEBIT,690,BUNNINGS ONLINE 2 AUCKLAND,30.05
8/09/2021,5/09/2021,,DEBIT,690,PAYPAL  SERTHOLDING 4029357733,449.72
8/09/2021,6/09/2021,,DEBIT,690,US Mobile 888-8781488 NY 9.07 US DOLLAR at a Conversion Rate  of 0.7125 (NZ$12.73),11.53
8/09/2021,6/09/2021,,DEBIT,690,OFFSHORE SERVICE MARGINS,0.32
10/09/2021,10/09/2021,,DEBIT,690,INTEREST ON CASH ADVANCES,0.34
11/09/2021,10/09/2021,,DEBIT,690,MYRENT AUCKLAND,32.96
12/09/2021,11/09/2021,,DEBIT,690,SP   TSUJIRI NEW ZEALA MT WELLINGTON,18.2
14/09/2021,13/09/2021,,CREDIT,690,PAYMENT RECEIVED THANK YOU,-135.21
14/09/2021,13/09/2021,,DEBIT,690,SKINNY AUCKLAND,2.87
14/09/2021,13/09/2021,,DEBIT,690,Seed Heritage NZ Pty Ltd Auckland,36.4
15/09/2021,15/09/2021,,CREDIT,690,PAYMENT RECEIVED THANK YOU,-45.51
15/09/2021,15/09/2021,,CREDIT,690,PAYMENT RECEIVED THANK YOU,-26.67
15/09/2021,14/09/2021,,CREDIT,690,Seed Heritage NZ Pty Ltd Auckland,-14.09
16/09/2021,15/09/2021,,CREDIT,690,PAYMENT RECEIVED THANK YOU,-674.32
16/09/2021,15/09/2021,,DEBIT,690,Alex   Corban Home Auckland,383.44
16/09/2021,14/09/2021,,DEBIT,690,AIA NEW ZEALAND 094888800,14.44
19/09/2021,19/09/2021,,DEBIT,690,New World Stonefields Onl Auckland,239.56
19/09/2021,18/09/2021,,DEBIT,690,Chemist Warehouse NZ Onli Auckland,25.67
20/09/2021,18/09/2021,,DEBIT,690,ALIEXPRESS.COM London,24.22
20/09/2021,19/09/2021,,DEBIT,690,ALIEXPRESS.COM London,17.45
21/09/2021,20/09/2021,,DEBIT,690,TOWER INSURANCE - EIS 093692079,59.38
21/09/2021,20/09/2021,,DEBIT,690,TOWER INSURANCE - EIS 093692079,36.16
21/09/2021,20/09/2021,,DEBIT,690,TOWER INSURANCE - EIS 093692079,43.29
23/09/2021,22/09/2021,,CREDIT,690,PAYMENT RECEIVED THANK YOU,-1074.43
24/09/2021,24/09/2021,,CREDIT,690,PAYMENT RECEIVED THANK YOU,-3299.5
24/09/2021,24/09/2021,,CREDIT,690,PAYMENT RECEIVED THANK YOU,-10.09
24/09/2021,24/09/2021,,DEBIT,690,Trade Tested Ltd Grey Lynn,5635.4
25/09/2021,25/09/2021,,CREDIT,690,PAYMENT RECEIVED THANK YOU,-156.19
25/09/2021,25/09/2021,,CREDIT,690,PAYMENT RECEIVED THANK YOU,-104.94
25/09/2021,24/09/2021,,DEBIT,690,MITRE 10 MEGA MT WTG AUK,3.53
25/09/2021,25/09/2021,,DEBIT,690,LITTLE OAK CAFE   BAKERY PAPAKURA,1.51
26/09/2021,25/09/2021,,DEBIT,690,HESARISUPERMARKETPANMURE AUCKLAND,69.53
26/09/2021,24/09/2021,,DEBIT,690,VUSE SYDNEY,141.82
27/09/2021,27/09/2021,,CREDIT,690,PAYMENT RECEIVED THANK YOU,-60.55
27/09/2021,25/09/2021,,DEBIT,690,MYLOTTO.CO.NZ NEW ZEALAND,1.5
28/09/2021,27/09/2021,,DEBIT,690,Netflix New Zealand -,10.82
29/09/2021,29/09/2021,,CREDIT,690,PAYMENT RECEIVED THANK YOU,-123.72
30/09/2021,30/09/2021,,CREDIT,690,PAYMENT RECEIVED THANK YOU,-21.9
30/09/2021,28/09/2021,,DEBIT,690,MOBIL MT WELLINGTON AUCKLAND,124.12
30/09/2021,29/09/2021,,DEBIT,690,MYLOTTO.CO.NZ NEW ZEALAND,33.22
1/10/2021,1/10/2021,,CREDIT,690,PAYMENT RECEIVED THANK YOU,-77.37
1/10/2021,1/10/2021,,CREDIT,690,PAYMENT RECEIVED THANK YOU,-9.98
2/10/2021,1/10/2021,,DEBIT,690,MYLOTTO.CO.NZ NEW ZEALAND,37.11
2/10/2021,1/10/2021,,DEBIT,690,MYLOTTO.CO.NZ NEW ZEALAND,1.15
3/10/2021,3/10/2021,,CREDIT,690,PAYMENT RECEIVED THANK YOU,-17.03
3/10/2021,3/10/2021,,DEBIT,690,FOUR SQUARE ELLERSLIE AAUCKLAND,3.78
3/10/2021,1/10/2021,,DEBIT,690,KFC PANMURE - 502 PANMURE,13.99
4/10/2021,3/10/2021,,DEBIT,690,PASTRAMI   RYE AUCKLAND,6.4
5/10/2021,4/10/2021,,CREDIT,690,PAYMENT RECEIVED THANK YOU,-135.83
5/10/2021,4/10/2021,,DEBIT,690,SP   ESR NZ REXCONNECT AUCKLAND AIRP,205.58
5/10/2021,5/10/2021,,DEBIT,690,Trade Tested Ltd Grey Lynn,93.22
6/10/2021,6/10/2021,,CREDIT,690,PAYMENT RECEIVED THANK YOU,-41.24
6/10/2021,6/10/2021,,CREDIT,690,PAYMENT RECEIVED THANK YOU,-1312.54
6/10/2021,5/10/2021,,DEBIT,690,SKINNY AUCKLAND,0.84
7/10/2021,7/10/2021,,CREDIT,690,PAYMENT RECEIVED THANK YOU,-8.45
7/10/2021,7/10/2021,,DEBIT,690,PAK N SAVE SYLVIA PARK AUCKLAND,229.86
7/10/2021,6/10/2021,,DEBIT,690,TOWER INSURANCE - EIS 093692079,5.67
7/10/2021,5/10/2021,,DEBIT,690,APPLE.COM/BILL SYDNEY,5.99
8/10/2021,7/10/2021,,DEBIT,690,TSUJIRI AUCKLAND,6.74
8/10/2021,6/10/2021,,DEBIT,690,US MOBILE  US MOBILE WWW.USMOBILE. NY 9.07 US DOLLAR at a Conversion Rate  of 0.6924 (NZ$13.10),15.07
8/10/2021,6/10/2021,,DEBIT,690,OFFSHORE SERVICE MARGINS,0.41
11/10/2021,10/10/2021,,DEBIT,690,MITRE 10 MEGA MT WTG AUK,87
11/10/2021,10/10/2021,,DEBIT,690,MYRENT AUCKLAND,6.95
11/10/2021,11/10/2021,,DEBIT,690,CW Glen Innes Auckland,2.73
12/10/2021,11/10/2021,,DEBIT,690,MYLOTTO.CO.NZ NEW ZEALAND,34.79
12/10/2021,11/10/2021,,DEBIT,690,MYLOTTO.CO.NZ NEW ZEALAND,60.56
12/10/2021,11/10/2021,,DEBIT,690,Menulog Auckland,6.96
12/10/2021,11/10/2021,,DEBIT,690,SKINNY AUCKLAND,6.83
13/10/2021,13/10/2021,,CREDIT,690,PAYMENT RECEIVED THANK YOU,-274.74
14/10/2021,14/10/2021,,CREDIT,690,PAYMENT RECEIVED THANK YOU,-3.45
14/10/2021,14/10/2021,,CREDIT,690,PAYMENT RECEIVED THANK YOU,-32.68
14/10/2021,13/10/2021,,DEBIT,690,ZEKIS TURKISH BREAD AUCKLAND,1.38
15/10/2021,14/10/2021,,DEBIT,690,MYLOTTO.CO.NZ NEW ZEALAND,8.2
15/10/2021,14/10/2021,,DEBIT,690,MYLOTTO.CO.NZ NEW ZEALAND,12.14
16/10/2021,14/10/2021,,DEBIT,690,AIA NEW ZEALAND 094888800,57.74
17/10/2021,16/10/2021,,CREDIT,690,PAYMENT RECEIVED THANK YOU,-61.96
17/10/2021,17/10/2021,,CREDIT,690,PAYMENT RECEIVED THANK YOU,-67.15
18/10/2021,18/10/2021,,CREDIT,690,PAYMENT RECEIVED THANK YOU,-172.14
18/10/2021,18/10/2021,,CREDIT,690,PAYMENT RECEIVED THANK YOU,-157.64
18/10/2021,18/10/2021,,DEBIT,690,PAK N SAVE SYLVIA PARK AUCKLAND,152.27
18/10/2021,17/10/2021,,DEBIT,690,HELLOFRESH Auckland,10.82
18/10/2021,17/10/2021,,DEBIT,690,BUNNINGS ONLINE 2 AUCKLAND,1.66
19/10/2021,18/10/2021,,DEBIT,690,SINAN NAJAR DENTAL AUCKLAND,306.42
20/10/2021,20/10/2021,,CREDIT,690,PAYMENT RECEIVED THANK YOU,-1444.29
20/10/2021,19/10/2021,,DEBIT,690,MYLOTTO.CO.NZ NEW ZEALAND,4.17
20/10/2021,19/10/2021,,DEBIT,690,MYLOTTO.CO.NZ NEW ZEALAND,25.67
20/10/2021,18/10/2021,,DEBIT,690,VUSE SYDNEY,170.93
21/10/2021,20/10/2021,,CREDIT,690,BUNNINGS ONLINE 2 099782265,-3.71
21/10/2021,20/10/2021,,DEBIT,690,TOWER INSURANCE - EIS 093692079,18.09
21/10/2021,20/10/2021,,DEBIT,690,TOWER INSURANCE - EIS 093692079,1.88
21/10/2021,20/10/2021,,DEBIT,690,TOWER INSURANCE - EIS 093692079,38.28
24/10/2021,23/10/2021,,DEBIT,690,HESARISUPERMARKETPANMURE AUCKLAND,53.16
24/10/2021,23/10/2021,,DEBIT,690,TSUJIRI AUCKLAND,40.04
25/10/2021,24/10/2021,,DEBIT,690,MITRE 10 MEGA MT WTG AUK,49.59
25/10/2021,24/10/2021,,DEBIT,690,CW Glen Innes Auckland,22.77
25/10/2021,25/10/2021,,DEBIT,690,Resene 045770500,60.46
25/10/2021,25/10/2021,,DEBIT,690,Une-Deux Cafe Glenbrook,14.68
25/10/2021,24/10/2021,,DEBIT,690,LIGHTING PLUS AUCKLAND,92.12
25/10/2021,24/10/2021,,DEBIT,690,BUNNINGS ONLINE 2 AUCKLAND,20.4
27/10/2021,27/10/2021,,CREDIT,690,PAYMENT RECEIVED THANK YOU,-1253.31
27/10/2021,26/10/2021,,DEBIT,690,COBRA LIQUOR AUCKLAND,17.54
27/10/2021,26/10/2021,,DEBIT,690,Netflix New Zealand -,16.53
28/10/2021,28/10/2021,,CREDIT,690,PAYMENT RECEIVED THANK YOU,-27.46
28/10/2021,27/10/2021,,DEBIT,690,Menulog Auckland,20.42
30/10/2021,29/10/2021,,CREDIT,690,PAYMENT RECEIVED THANK YOU,-30.25
30/10/2021,29/10/2021,,DEBIT,690,MITRE 10 MEGA MT WTG AUK,150.85
31/10/2021,30/10/2021,,DEBIT,690,GULL FORREST HILL AUCKLAND,127.36
31/10/2021,31/10/2021,,DEBIT,690,PAK N SAVE SYLVIA PARK AUCKLAND,112.83
1/11/2021,31/10/2021,,DEBIT,690,Resene 045770500,114.64
2/11/2021,2/11/2021,,CREDIT,690,PAYMENT RECEIVED THANK YOU,-35.23
3/11/2021,2/11/2021,,DEBIT,690,SKINNY AUCKLAND,10.66
4/11/2021,3/11/2021,,CREDIT,690,PAYMENT RECEIVED THANK YOU,-715.93
4/11/2021,3/11/2021,,DEBIT,690,MYLOTTO.CO.NZ NEW ZEALAND,36.55
5/11/2021,4/11/2021,,CREDIT,690,PAYMENT RECEIVED THANK YOU,-5.01
5/11/2021,5/11/2021,,CREDIT,690,PAYMENT RECEIVED THANK YOU,-30
6/11/2021,5/11/2021,,DEBIT,690,BURGER FUEL MT WELLINGTON,19.45
6/11/2021,6/11/2021,,CREDIT,690,PAYMENT RECEIVED THANK YOU,-33.45
6/11/2021,6/11/2021,,CREDIT,690,PAYMENT RECEIVED THANK YOU,-1.1
6/11/2021,6/11/2021,,CREDIT,690,PAYMENT RECEIVED THANK YOU,-99.14
6/11/2021,6/11/2021,,CREDIT,690,PAYMENT RECEIVED THANK YOU,-6.33
6/11/2021,6/11/2021,,CREDIT,690,PAYMENT RECEIVED THANK YOU,-18.04
6/11/2021,6/11/2021,,DEBIT,690,Resene - Panmure 072 Panmure,6.49
6/11/2021,4/11/2021,,DEBIT,690,KFC PANMURE - 502 PANMURE,4.86
7/11/2021,7/11/2021,,DEBIT,690,ST HELIERS BAY CAFE AUCKLAND,7.61
7/11/2021,5/11/2021,,DEBIT,690,KFC PANMURE - 502 PANMURE,4.07
7/11/2021,6/11/2021,,DEBIT,690,HESARISUPERMARKETPANMURE AUCKLAND,33.78
7/11/2021,6/11/2021,,DEBIT,690,COUNTDOWN MT WELLINGTON AUCKLAND,21.64
7/11/2021,5/11/2021,,DEBIT,690,APPLE.COM/BILL SYDNEY,19.92
7/11/2021,5/11/2021,,DEBIT,690,US MOBILE  US MOBILE WWW.USMOBILE. NY 9.07 US DOLLAR at a Conversion Rate  of 0.7091 (NZ$12.79),13.91
7/11/2021,5/11/2021,,DEBIT,690,OFFSHORE SERVICE MARGINS,0.17
8/11/2021,7/11/2021,,CREDIT,690,PAYMENT RECEIVED THANK YOU,-8.52
8/11/2021,8/11/2021,,CREDIT,690,PAYMENT RECEIVED THANK YOU,-29.32
8/11/2021,8/11/2021,,DEBIT,690,Resene 045770500,2.76
8/11/2021,7/11/2021,,DEBIT,690,Dominos Estore MOUNT WELL dominos.co.nz,13.35
8/11/2021,6/11/2021,,DEBIT,690,TOWER INSURANCE - EIS 093692079,65.5
8/11/2021,6/11/2021,,DEBIT,690,KFC PANMURE - 502 PANMURE,1.92
8/11/2021,7/11/2021,,DEBIT,690,SKINNY AUCKLAND,7.44
9/11/2021,9/11/2021,,CREDIT,690,PAYMENT RECEIVED THANK YOU,-16.77
9/11/2021,8/11/2021,,DEBIT,690,Menulog Auckland,14.62
10/11/2021,10/11/2021,,CREDIT,690,PAYMENT RECEIVED THANK YOU,-54.51
10/11/2021,10/11/2021,,CREDIT,690,PAYMENT RECEIVED THANK YOU,-209.13
11/11/2021,10/11/2021,,DEBIT,690,MITRE 10 MEGA MT WTGN MOUNT WELLING,64.83
11/11/2021,9/11/2021,,DEBIT,690,ASCOT RADIOLOGY GREENLANE AKL,11
11/11/2021,9/11/2021,,DEBIT,690,WHITE CROSS ASCOT AUCKLAND,38.46
11/11/2021,10/11/2021,,DEBIT,690,MYRENT AUCKLAND,5.31
11/11/2021,11/11/2021,,DEBIT,690,Z Panmure Auckland,46.97
11/11/2021,11/11/2021,,DEBIT,690,Nood Sylvia Park Auckland City,47.44
11/11/2021,10/11/2021,,DEBIT,690,HESARISUPERMARKETPANMURE AUCKLAND,36.35
12/11/2021,12/11/2021,,CREDIT,690,PAYMENT RECEIVED THANK YOU,-392.32
12/11/2021,11/11/2021,,DEBIT,690,MITRE 10 MEGA MT WTGN MOUNT WELLING,78.58
12/11/2021,11/11/2021,,DEBIT,690,PAK N SAVE SYLVIA PARK AUCKLAND,29.15
12/11/2021,11/11/2021,,DEBIT,690,Dominos Mt Wellington Mount Welling,12.17
14/11/2021,13/11/2021,,DEBIT,690,GONG CHA SYLVIA PARK AUCKLAND,1.04
14/11/2021,13/11/2021,,DEBIT,690,SHAMPOO N THINGS SHOP2 AUCKLAND,32.34
14/11/2021,13/11/2021,,DEBIT,690,BUNNINGS - 9493 MT WELLINGTON,19.21
15/11/2021,14/11/2021,,DEBIT,690,Spotlight Mt Well 128 Mt Wellington,43.7
16/11/2021,15/11/2021,,DEBIT,690,MITRE 10 MEGA MT WTGN MOUNT WELLING,153.84
16/11/2021,16/11/2021,,DEBIT,690,PAK N SAVE SYLVIA PARK AUCKLAND,78.73
17/11/2021,16/11/2021,,DEBIT,690,BUNNINGS - 9493 MT WELLINGTON,41.18
17/11/2021,15/11/2021,,DEBIT,690,AIA NEW ZEALAND 094888800,37.78
17/11/2021,16/11/2021,,DEBIT,690,AUCKLAND AUTO AIR SERVICE AUCKLAND,769.23
18/11/2021,18/11/2021,,CREDIT,690,PAYMENT RECEIVED THANK YOU,-221.13
18/11/2021,17/11/2021,,DEBIT,690,COUNTDOWN AUCKLAND,1.99
19/11/2021,19/11/2021,,CREDIT,690,PAYMENT RECEIVED THANK YOU,-310.45
19/11/2021,18/11/2021,,DEBIT,690,ROGER HUNTERS GARDEN AUCKLAND,78.52
19/11/2021,18/11/2021,,DEBIT,690,HESARISUPERMARKETPANMURE AUCKLAND,12.48
19/11/2021,18/11/2021,,DEBIT,690,BUNNINGS - 9493 MT WELLINGTON,26.48
20/11/2021,19/11/2021,,DEBIT,690,MITRE 10 MEGA MT WTGN MOUNT WELLING,10.2
20/11/2021,19/11/2021,,DEBIT,690,PAK N SAVE SYLVIA PARK AUCKLAND,25.66
20/11/2021,19/11/2021,,DEBIT,690,COUNTDOWN GREENLANE AUCKLAND,0.16
22/11/2021,22/11/2021,,CREDIT,690,PAYMENT RECEIVED THANK YOU,-332.45
22/11/2021,21/11/2021,,DEBIT,690,MITRE 10 MEGA MT WTGN MOUNT WELLING,30.46
22/11/2021,20/11/2021,,DEBIT,690,TOWER INSURANCE - EIS 093692079,53.67
22/11/2021,20/11/2021,,DEBIT,690,TOWER INSURANCE - EIS 093692079,92.38
22/11/2021,20/11/2021,,DEBIT,690,TOWER INSURANCE - EIS 093692079,125.49
23/11/2021,22/11/2021,,CREDIT,690,PAYMENT RECEIVED THANK YOU,-132.14
23/11/2021,21/11/2021,,DEBIT,690,TB LUNN AVE 103 AUCKLAND,20.59
24/11/2021,24/11/2021,,CREDIT,690,PAYMENT RECEIVED THANK YOU,-89.94
24/11/2021,22/11/2021,,DEBIT,690,VUSE SYDNEY,168.29
25/11/2021,25/11/2021,,CREDIT,690,PAYMENT RECEIVED THANK YOU,-180.3
25/11/2021,24/11/2021,,DEBIT,690,MITRE 10 MEGA MT WTGN MOUNT WELLING,49.28
25/11/2021,25/11/2021,,DEBIT,690,BRUCE LEE SUSHI AUCKLAND,16.76
25/11/2021,24/11/2021,,DEBIT,690,Udemy 415-6025987 CA 9.99 US DOLLAR at a Conversion Rate  of 0.6913 (NZ$14.45),8.31
25/11/2021,24/11/2021,,DEBIT,690,OFFSHORE SERVICE MARGINS,0.21
26/11/2021,25/11/2021,,CREDIT,690,PAYMENT RECEIVED THANK YOU,-160.13
26/11/2021,25/11/2021,,DEBIT,690,PAK N SAVE SYLVIA PARK AUCKLAND,79.11
26/11/2021,25/11/2021,,DEBIT,690,Caltex Sylvia Park Mt Wellington,75.8
26/11/2021,25/11/2021,,DEBIT,690,HESARISUPERMARKETPANMURE AUCKLAND,41.79
26/11/2021,25/11/2021,,DEBIT,690,COBRA LIQUOR AUCKLAND,136
27/11/2021,26/11/2021,,DEBIT,690,MITRE 10 MEGA MT WTGN MOUNT WELLING,37.23
27/11/2021,26/11/2021,,DEBIT,690,Z Ellerslie Auckland,34.42
27/11/2021,25/11/2021,,DEBIT,690,KFC PANMURE - 502 PANMURE,32.49
27/11/2021,26/11/2021,,DEBIT,690,MKT ROAD KITCHEN AUCKLAND,5.87
27/11/2021,26/11/2021,,DEBIT,690,Netflix New Zealand -,21.22
28/11/2021,27/11/2021,,DEBIT,690,MITRE 10 MEGA MT WTGN MOUNT WELLING,68.96
28/11/2021,27/11/2021,,DEBIT,690,Menulog Auckland,1.31
29/11/2021,29/11/2021,,CREDIT,690,PAYMENT RECEIVED THANK YOU,-163.65
29/11/2021,28/11/2021,,DEBIT,690,VICTOR'S CHOICE FURNITURE AUCKLAND,141.47
30/11/2021,29/11/2021,,DEBIT,690,MOCKA Christchurch,125.31
30/11/2021,30/11/2021,,DEBIT,690,NEW WORLD STONEFIELDS AUCKLAND NZ,154.86
1/12/2021,1/12/2021,,CREDIT,690,PAYMENT RECEIVED THANK YOU,-129.19
1/12/2021,30/11/2021,,CREDIT,690,MITRE 10 MEGA MT WTG AUK,-45.43
1/12/2021,30/11/2021,,DEBIT,690,SKINNY AUCKLAND,17.25
5/12/2021,5/12/2021,,CREDIT,690,PAYMENT RECEIVED THANK YOU,-207.62
5/12/2021,5/12/2021,,DEBIT,690,Kawau Bay Kitchen Orewa,23.02
5/12/2021,4/12/2021,,DEBIT,690,PASTRAMI   RYE AUCKLAND,53.8
5/12/2021,4/12/2021,,DEBIT,690,GODFREYS SYLVIA PARK,523.21
5/12/2021,4/12/2021,,DEBIT,690,GODFREYS SYLVIA PARK,78.43
6/12/2021,5/12/2021,,DEBIT,690,PAK N SAVE SYLVIA PARK AUCKLAND,4.51
6/12/2021,5/12/2021,,DEBIT,690,HESARISUPERMARKETPANMURE AUCKLAND,68.38
6/12/2021,5/12/2021,,DEBIT,690,SKINNY AUCKLAND,0.65
6/12/2021,5/12/2021,,DEBIT,690,BUNNINGS - 9493 MT WELLINGTON,28.92
6/12/2021,5/12/2021,,DEBIT,690,PAK N SAVE SYLVIA PARK AUCKLAND,246.99
6/12/2021,5/12/2021,,DEBIT,690,Adairs Sylvia Park Mt Wellington,97.09
7/12/2021,6/12/2021,,DEBIT,690,MITRE 10 MEGA MT WTGN MOUNT WELLING,68.28
7/12/2021,6/12/2021,,DEBIT,690,TRADEME R411 PING Wellington,4.01
7/12/2021,6/12/2021,,DEBIT,690,TOWER INSURANCE - EIS 093692079,44.22
7/12/2021,5/12/2021,,DEBIT,690,APPLE.COM/BILL SYDNEY,11.53
7/12/2021,5/12/2021,,DEBIT,690,US MOBILE  US MOBILE WWW.USMOBILE. NY 9.07 US DOLLAR at a Conversion Rate  of 0.6733 (NZ$13.47),19.78
7/12/2021,5/12/2021,,DEBIT,690,OFFSHORE SERVICE MARGINS,0.23
8/12/2021,8/12/2021,,CREDIT,690,PAYMENT RECEIVED THANK YOU,-10.13
10/12/2021,10/12/2021,,CREDIT,690,PAYMENT RECEIVED THANK YOU,-39.73
11/12/2021,10/12/2021,,DEBIT,690,MYRENT AUCKLAND,15.82
11/12/2021,10/12/2021,,DEBIT,690,Z Ellerslie Auckland,118.93
11/12/2021,10/12/2021,,DEBIT,690,PAK N SAVE SYLVIA PARK AUCKLAND,127.77
11/12/2021,10/12/2021,,DEBIT,690,BBB Sylvia Park Sylvia Park,0.33
11/12/2021,10/12/2021,,DEBIT,690,STEVENS SYLVIA PARK AUCKLAND,20.92
12/12/2021,12/12/2021,,CREDIT,690,PAYMENT RECEIVED THANK YOU,-108.75
12/12/2021,11/12/2021,,DEBIT,690,MITRE 10 MEGA MT WTGN MOUNT WELLING,28.9
12/12/2021,10/12/2021,,DEBIT,690,KFC PANMURE - 502 PANMURE,10.13
12/12/2021,11/12/2021,,DEBIT,690,BUNNINGS - 9493 MT WELLINGTON,10.92
12/12/2021,11/12/2021,,DEBIT,690,BUNNINGS - 9493 MT WELLINGTON,103.95
13/12/2021,12/12/2021,,DEBIT,690,MITRE 10 MEGA MT WTGN MOUNT WELLING,55.36
13/12/2021,12/12/2021,,DEBIT,690,CONTAINER DOOR LTD AUCKLAND,16.72
13/12/2021,12/12/2021,,DEBIT,690,HESARISUPERMARKETPANMURE AUCKLAND,52.7
13/12/2021,12/12/2021,,DEBIT,690,BUNNINGS - 9453 BOTANY,23.31
13/12/2021,12/12/2021,,DEBIT,690,BUNNINGS - 9471 MANUKAU,102.22
14/12/2021,13/12/2021,,DEBIT,690,Spotlight Mt Well 128 Mt Wellington,58.41
14/12/2021,13/12/2021,,DEBIT,690,PAK N SAVE SYLVIA PARK AUCKLAND,12.31
14/12/2021,13/12/2021,,DEBIT,690,SUPER LIQUOR GREENLANE AUCKLAND,214.64
15/12/2021,13/12/2021,,DEBIT,690,COUNTDOWN GREENLANE AUCKLAND,67.87
15/12/2021,14/12/2021,,DEBIT,690,GOODSTUFF SYLVIA PARK AUCKLAND,11.77
15/12/2021,14/12/2021,,DEBIT,690,FARMERS AUCKLAND,42.31
16/12/2021,16/12/2021,,CREDIT,690,PAYMENT RECEIVED THANK YOU,-252.72
16/12/2021,16/12/2021,,DEBIT,690,NEW WORLD STONEFIELDS AUCKLAND NZ,24.56
16/12/2021,14/12/2021,,DEBIT,690,AIA NEW ZEALAND 094888800,98.3
16/12/2021,14/12/2021,,DEBIT,690,PAYPAL  AIRBNB  HM2NPB 35314369001,245.8
17/12/2021,17/12/2021,,CREDIT,690,PAYMENT RECEIVED THANK YOU,-591.59
17/12/2021,16/12/2021,,DEBIT,690,MITRE 10 MEGA MT WTGN MOUNT WELLING,24.4
17/12/2021,16/12/2021,,DEBIT,690,PAK N SAVE SYLVIA PARK AUCKLAND,1.4
17/12/2021,16/12/2021,,DEBIT,690,BUNNINGS - 9493 MT WELLINGTON,50.85
18/12/2021,17/12/2021,,DEBIT,690,MITRE 10 MEGA MT WTGN MOUNT WELLING,15.07
18/12/2021,16/12/2021,,DEBIT,690,PAYPAL  AIRBNB  HMXQB3 35314369001,725.46
19/12/2021,19/12/2021,,CREDIT,690,PAYMENT RECEIVED THANK YOU,-11.68
20/12/2021,19/12/2021,,DEBIT,690,H M NEWMARKET AUCKLAND,81.43
21/12/2021,21/12/2021,,CREDIT,690,PAYMENT RECEIVED THANK YOU,-382.65
21/12/2021,20/12/2021,,CREDIT,690,H M AUCKLAND,-1
21/12/2021,20/12/2021,,DEBIT,690,TOWER INSURANCE - EIS 093692079,38.78
21/12/2021,20/12/2021,,DEBIT,690,TOWER INSURANCE - EIS 093692079,39.26
21/12/2021,20/12/2021,,DEBIT,690,TOWER INSURANCE - EIS 093692079,0.19
23/12/2021,22/12/2021,,CREDIT,690,PAYMENT RECEIVED THANK YOU,-6.91
23/12/2021,22/12/2021,,DEBIT,690,MOBIE NEWMARKET AUCKLAND,12.7
23/12/2021,21/12/2021,,DEBIT,690,APPLE.COM/BILL SYDNEY,13.41
24/12/2021,24/12/2021,,CREDIT,690,PAYMENT RECEIVED THANK YOU,-184.62
24/12/2021,23/12/2021,,DEBIT,690,NEW WORLD STONEFIELDS AUCKLAND NZ,10.73
24/12/2021,23/12/2021,,DEBIT,690,MOBILE PLANET SYLVIA AUCKLAND,48.42
24/12/2021,23/12/2021,,DEBIT,690,JAPAN MART SYLVIA PARK AUCKLAND,4.49
24/12/2021,23/12/2021,,DEBIT,690,JAPAN MART SYLVIA PARK AUCKLAND,1.24
25/12/2021,25/12/2021,,DEBIT,690,Z Ellerslie Auckland,38.09
25/12/2021,23/12/2021,,DEBIT,690,TACOBELL SYLVIAPARK113 AUCKLAND,12.36
26/12/2021,25/12/2021,,CREDIT,690,ALIEXPRESS.COM London,-7.76
26/12/2021,25/12/2021,,CREDIT,690,ALIEXPRESS.COM London,-27.01
26/12/2021,25/12/2021,,DEBIT,690,TAIPA FOOD MARKET TAIPA,56.46
27/12/2021,26/12/2021,,DEBIT,690,Four Square Coopers Bea Coopers Beach,4.03
27/12/2021,27/12/2021,,DEBIT,690,Pak N Save Kaitaia Kaitaia,3.92
27/12/2021,26/12/2021,,DEBIT,690,MANGONUI FISH SHOP MANGONUI,13.6
27/12/2021,26/12/2021,,DEBIT,690,MANGONUI FISH SHOP-FOOD MANGONUI,25.11
27/12/2021,26/12/2021,,DEBIT,690,Netflix New Zealand -,17.88
28/12/2021,27/12/2021,,DEBIT,690,SHAUN   FIONA KEHELY KAITAIA,5.01
28/12/2021,27/12/2021,,DEBIT,690,SHAUN   FIONA KEHELY KAITAIA,13.97
28/12/2021,27/12/2021,,DEBIT,690,GAS COOPERS BEACH CABLE BAY,36.47
29/12/2021,29/12/2021,,DEBIT,690,Fullers Boi Greatsights Pahia,14.92
29/12/2021,29/12/2021,,DEBIT,690,Caltex Waitangi Paihia,4.34
29/12/2021,28/12/2021,,DEBIT,690,SKINNY AUCKLAND,5.54
30/12/2021,29/12/2021,,CREDIT,690,PAYMENT RECEIVED THANK YOU,-696.87
30/12/2021,29/12/2021,,DEBIT,690,MAKANA CONFECTIONS BAY OF ISLAND,62.95
30/12/2021,29/12/2021,,DEBIT,690,KERICORN KERIKERI,76.26
30/12/2021,29/12/2021,,DEBIT,690,SPICE ROUTE RUSSELL RUSSELL,81.23
30/12/2021,29/12/2021,,DEBIT,690,GREENS- INDIAN AND THAI C PAIHIA,6.37
31/12/2021,31/12/2021,,CREDIT,690,PAYMENT RECEIVED THANK YOU,-29.35
31/12/2021,31/12/2021,,DEBIT,690,Fullers Boi Greatsights Pahia,70.03
1/01/2022,1/01/2022,,CREDIT,690,PAYMENT RECEIVED THANK YOU,-33.02
1/01/2022,31/12/2021,,DEBIT,690,ZANE GREYS PAIHIA,5.87
1/01/2022,31/12/2021,,DEBIT,690,ZANE GREYS PAIHIA,20.72
1/01/2022,31/12/2021,,DEBIT,690,ZANE GREYS PAIHIA,12.93
1/01/2022,1/01/2022,,DEBIT,690,Fullers Boi Greatsights Pahia,7.28
1/01/2022,1/01/2022,,DEBIT,690,PAK N SAVE WHANGAREI WHANGAREI,53.77
1/01/2022,30/12/2021,,DEBIT,690,HONE'S GARDEN RUSSELL,98.2
1/01/2022,31/12/2021,,DEBIT,690,SEASIDE BAY OF ISLAND,106.58
1/01/2022,31/12/2021,,DEBIT,690,SPADE TRADING LIMITE PAIHIA,2.93
1/01/2022,30/12/2021,,DEBIT,690,THE GABLES RESTAURANT RUSSELL,98.42
1/01/2022,31/12/2021,,DEBIT,690,BAD HABITS PAIHIA,40.54
2/01/2022,2/01/2022,,CREDIT,690,PAYMENT RECEIVED THANK YOU,-21.46
2/01/2022,2/01/2022,,CREDIT,690,PAYMENT RECEIVED THANK YOU,-23.14
2/01/2022,1/01/2022,,DEBIT,690,Oob Foods LP Matakana,18.87
2/01/2022,1/01/2022,,DEBIT,690,FOUR SQUARE MATAKANA MATAKANA,57.82
2/01/2022,2/01/2022,,DEBIT,690,Euro Patisserie   Cafe Auckland,1.67
3/01/2022,2/01/2022,,CREDIT,690,PAYMENT RECEIVED THANK YOU,-5.73
3/01/2022,3/01/2022,,CREDIT,690,PAYMENT RECEIVED THANK YOU,-69.8
3/01/2022,3/01/2022,,CREDIT,690,PAYMENT RECEIVED THANK YOU,-10.25
3/01/2022,3/01/2022,,CREDIT,690,PAYMENT RECEIVED THANK YOU,-21.09
3/01/2022,3/01/2022,,CREDIT,690,PAYMENT RECEIVED THANK YOU,-59.56
3/01/2022,3/01/2022,,DEBIT,690,TWO BOUTIQUE MATAKANA MATAKANA,39.01
4/01/2022,3/01/2022,,DEBIT,690,SOUTH PACIFIC OYSTERS MATAKANA,7.86
4/01/2022,3/01/2022,,DEBIT,690,Oob Foods LP Matakana,5.08
4/01/2022,4/01/2022,,DEBIT,690,FOUR SQUARE MATAKANA MATAKANA,32.82
4/01/2022,3/01/2022,,DEBIT,690,Oob Foods LP Matakana,9.24
4/01/2022,3/01/2022,,DEBIT,690,SKINNY AUCKLAND,2.13
5/01/2022,4/01/2022,,DEBIT,690,CHARLIES WHOLEFOODS MATAKANA,35.77
5/01/2022,4/01/2022,,DEBIT,690,GULL MATAKANA MATAKANA,46.01
5/01/2022,3/01/2022,,DEBIT,690,VUSE SYDNEY,125.45
5/01/2022,5/01/2022,,CREDIT,690,PAYMENT RECEIVED THANK YOU,-130.31
5/01/2022,5/01/2022,,CREDIT,690,PAYMENT RECEIVED THANK YOU,-5.22
6/01/2022,5/01/2022,,DEBIT,690,CW Wstfield Newmarket Auckland,16.04
6/01/2022,6/01/2022,,DEBIT,690,Watercare Services Ltd Remuera,1.51
6/01/2022,6/01/2022,,DEBIT,690,Watercare Online Remuera,160.02
6/01/2022,5/01/2022,,DEBIT,690,COUNTDOWN AUCKLAND,87.03
6/01/2022,5/01/2022,,DEBIT,690,COUNTDOWN AUCKLAND,1.25
6/01/2022,5/01/2022,,DEBIT,690,NZ TRANSPORT AGENCY PALMERSTON NO,10.98
6/01/2022,4/01/2022,,DEBIT,690,MYLOTTO.CO.NZ NEW ZEALAND,10.67
6/01/2022,5/01/2022,,DEBIT,690,TSUJIRI AUCKLAND,27.31
6/01/2022,4/01/2022,,DEBIT,690,US MOBILE  US MOBILE WWW.USMOBILE. NY 9.07 US DOLLAR at a Conversion Rate  of 0.6774 (NZ$13.39),2.28
6/01/2022,4/01/2022,,DEBIT,690,OFFSHORE SERVICE MARGINS,0.21
6/01/2022,6/01/2022,,CREDIT,690,PAYMENT RECEIVED THANK YOU,-70.9
6/01/2022,5/01/2022,,DEBIT,690,Tai Ping Newmarket Auckland,14.03
7/01/2022,6/01/2022,,CREDIT,690,PAYMENT RECEIVED THANK YOU,-256.76
7/01/2022,6/01/2022,,DEBIT,690,PAK N SAVE SYLVIA PARK AUCKLAND,28.11
7/01/2022,6/01/2022,,DEBIT,690,TOWER INSURANCE - EIS 093692079,2.38
7/01/2022,5/01/2022,,DEBIT,690,APPLE.COM/BILL SYDNEY,23.52
8/01/2022,8/01/2022,,CREDIT,690,PAYMENT RECEIVED THANK YOU,-64.22
8/01/2022,8/01/2022,,CREDIT,690,PAYMENT RECEIVED THANK YOU,-68.84
8/01/2022,7/01/2022,,DEBIT,690,COBRA LIQUOR AUCKLAND,101.78
9/01/2022,8/01/2022,,DEBIT,690,NEW WORLD STONEFIELDS AUCKLAND NZ,1.5
9/01/2022,8/01/2022,,DEBIT,690,BERNADETTE'S MOVENPICK AUCKLAND,12.89
9/01/2022,8/01/2022,,DEBIT,690,GOODSTUFF SYLVIA PARK AUCKLAND,0.99
10/01/2022,10/01/2022,,CREDIT,690,PAYMENT RECEIVED THANK YOU,-7.26
10/01/2022,8/01/2022,,DEBIT,690,CAFE ON KOHI AUCKLAND,6.15
11/01/2022,10/01/2022,,DEBIT,690,Wairere Nursery Hamilton,92.62
11/01/2022,10/01/2022,,DEBIT,690,MYRENT AUCKLAND,36.31
12/01/2022,12/01/2022,,CREDIT,690,PAYMENT RECEIVED THANK YOU,-7.78
12/01/2022,12/01/2022,,CREDIT,690,PAYMENT RECEIVED THANK YOU,-58.17
12/01/2022,12/01/2022,,CREDIT,690,PAYMENT RECEIVED THANK YOU,-532.33
13/01/2022,12/01/2022,,DEBIT,690,LEXINIC AUCKLAND,1020.69
13/01/2022,12/01/2022,,DEBIT,690,Ippudo Newmarket Auckland,29.25
13/01/2022,12/01/2022,,DEBIT,690,Tai Ping Newmarket Auckland,19.03
13/01/2022,12/01/2022,,DEBIT,690,Mecca Newmarket Auckland,18.45
13/01/2022,12/01/2022,,DEBIT,690,KOOKAI TEED ST MELBOURNE,120.72
14/01/2022,13/01/2022,,DEBIT,690,HESARISUPERMARKETPANMURE AUCKLAND,50.38
14/01/2022,13/01/2022,,DEBIT,690,THLNZRENTALINTERNET AUCKLAND,0.68
14/01/2022,13/01/2022,,DEBIT,690,THLNZRENTALINTERNET AUCKLAND,1.43
14/01/2022,12/01/2022,,DEBIT,690,UBER    TRIP HELP.UBER.COM,6.64
15/01/2022,14/01/2022,,CREDIT,690,THLNZRENTALINTERNET AUCKLAND,-1.29
16/01/2022,15/01/2022,,DEBIT,690,MITRE 10 MEGA MT WTGN MOUNT WELLING,7.36
16/01/2022,15/01/2022,,DEBIT,690,Downtown Car Park Auckland,6.51
16/01/2022,15/01/2022,,DEBIT,690,Civic Car Park Auckland,0.78
17/01/2022,15/01/2022,,DEBIT,690,EVENT CINEMAS QUEEN ST AUCKLAND,6.17
17/01/2022,15/01/2022,,DEBIT,690,SEVEN MART AUCKLAND,1.09
17/01/2022,14/01/2022,,DEBIT,690,AIA NEW ZEALAND 094888800,102
17/01/2022,15/01/2022,,DEBIT,690,NEPTUNE CAFE   BAR AUCKLAND,88.64
17/01/2022,16/01/2022,,DEBIT,690,COUNTDOWN GREENLANE AUCKLAND,173.99
18/01/2022,18/01/2022,,DEBIT,690,VICTORY CHRISTIAN CHURCH AUCKLAND,11.98
19/01/2022,19/01/2022,,CREDIT,690,PAYMENT RECEIVED THANK YOU,-358.66
20/01/2022,20/01/2022,,CREDIT,690,PAYMENT RECEIVED THANK YOU,-144.24
20/01/2022,19/01/2022,,DEBIT,690,TSUJIRI AUCKLAND,11.36
20/01/2022,19/01/2022,,DEBIT,690,EXTREME INDOOR KARTS MANUKAU,124.27
20/01/2022,18/01/2022,,DEBIT,690,VUSE SYDNEY,45.48
21/01/2022,21/01/2022,,CREDIT,690,PAYMENT RECEIVED THANK YOU,-34.32
21/01/2022,21/01/2022,,CREDIT,690,PAYMENT RECEIVED THANK YOU,-7.14
21/01/2022,21/01/2022,,CREDIT,690,PAYMENT RECEIVED THANK YOU,-28.99
21/01/2022,20/01/2022,,DEBIT,690,TOWER INSURANCE - EIS 093692079,102.13
21/01/2022,20/01/2022,,DEBIT,690,TOWER INSURANCE - EIS 093692079,17.63
21/01/2022,20/01/2022,,DEBIT,690,TOWER INSURANCE - EIS 093692079,130.13
22/01/2022,20/01/2022,,DEBIT,690,VUSE SYDNEY,73.03
22/01/2022,21/01/2022,,DEBIT,690,SKILLCERTPRO HYDERABAD 19.99 US DOLLAR at a Conversion Rate  of 0.6749 (NZ$29.62),15.12
22/01/2022,21/01/2022,,DEBIT,690,OFFSHORE SERVICE MARGINS,0.6
22/01/2022,21/01/2022,,DEBIT,690,TEST PREP TRAINING WEST DRAYTON 11.99 US DOLLAR at a Conversion Rate  of 0.6747 (NZ$17.77),8.2
22/01/2022,21/01/2022,,DEBIT,690,OFFSHORE SERVICE MARGINS,0.17
23/01/2022,22/01/2022,,CREDIT,690,PAYMENT RECEIVED THANK YOU,-166.7
23/01/2022,22/01/2022,,DEBIT,690,INLAND REVENUE WELLINGTON,0.05
23/01/2022,22/01/2022,,DEBIT,690,CONVENIENCE FEE IR AUCKLAND,1.65
24/01/2022,23/01/2022,,DEBIT,690,PASTRAMI   RYE AUCKLAND,18.37
25/01/2022,23/01/2022,,DEBIT,690,Z Ellerslie Auckland,49.24
26/01/2022,25/01/2022,,DEBIT,690,SKINNY AUCKLAND,5.25
27/01/2022,27/01/2022,,DEBIT,690,NETFLIX.COM LOS GATOS CA,4.05
27/01/2022,26/01/2022,,DEBIT,690,MKT ROAD KITCHEN AUCKLAND,0.37
27/01/2022,26/01/2022,,DEBIT,690,MYLOTTO.CO.NZ NEW ZEALAND,44.74
28/01/2022,27/01/2022,,CREDIT,690,PAYMENT RECEIVED THANK YOU,-96.67
28/01/2022,27/01/2022,,DEBIT,690,SRI MAKHOTA MALAYSIAN AUCKLAND,171.24
28/01/2022,27/01/2022,,DEBIT,690,EXTREME INDOOR KARTS MANUKAU,310.83
29/01/2022,29/01/2022,,DEBIT,690,Fergburger Queenstown,44.93
30/01/2022,29/01/2022,,DEBIT,690,Bookme.Co.Nz New Zealand,245.41
30/01/2022,28/01/2022,,DEBIT,690,KFC PANMURE - 502 PANMURE,18.22
30/01/2022,29/01/2022,,DEBIT,690,NEW WORLD QUEENSTOWN QUEENSTOWN,146.58
30/01/2022,28/01/2022,,DEBIT,690,UBER    TRIP HELP.UBER.COM,49.18
31/01/2022,29/01/2022,,DEBIT,690,HUDSONS AUCKLAND AIRPORT AUCKLAND,9.99
31/01/2022,30/01/2022,,DEBIT,690,SKINNY AUCKLAND,11.17
1/02/2022,31/01/2022,,DEBIT,690,Milford Sound Lodge Milford Sound,50.57
1/02/2022,31/01/2022,,DEBIT,690,MILFORD SOUND PARKING MILFORD SOUN,19.99
2/02/2022,1/02/2022,,DEBIT,690,NPD MOSSBURN FUELSTOP MOSSBURN,39.89
2/02/2022,2/02/2022,,CREDIT,690,Bookme.Co.Nz New Zealand,-8.41
2/02/2022,1/02/2022,,DEBIT,690,Fresh Choice Te Anau Te Anau,50.1
2/02/2022,2/02/2022,,DEBIT,690,Fergburger Queenstown,39.52
3/02/2022,2/02/2022,,CREDIT,690,PAYMENT RECEIVED THANK YOU,-290.86
3/02/2022,2/02/2022,,DEBIT,690,JACKSON ORCHARDS CROMWELL,19.12
3/02/2022,2/02/2022,,DEBIT,690,THL RENTALS ZQN QUEENSTOWN,0.98
4/02/2022,4/02/2022,,DEBIT,690,Hermitage Sir ED Cafe 2 Mt Cook,5.35
4/02/2022,3/02/2022,,DEBIT,690,Hot Tubs Omarama Mornington,62.18
4/02/2022,3/02/2022,,DEBIT,690,Hot Tubs Omarama Mornington,31.78
4/02/2022,3/02/2022,,DEBIT,690,SCROGGIN COFFEE   EA WANAKA,5.69
5/02/2022,3/02/2022,,DEBIT,690,US MOBILE  US MOBILE WWW.USMOBILE. NY 9.07 US DOLLAR at a Conversion Rate  of 0.6620 (NZ$13.70),4.13
5/02/2022,3/02/2022,,DEBIT,690,OFFSHORE SERVICE MARGINS,0.3
6/02/2022,6/02/2022,,CREDIT,690,PAYMENT RECEIVED THANK YOU,-103.47
6/02/2022,5/02/2022,,DEBIT,690,Four Square Tekapo Lake Tekapo,10.66
6/02/2022,5/02/2022,,DEBIT,690,GLENTANNER PARK MOUNT COOK,12.76
6/02/2022,5/02/2022,,DEBIT,690,FUELSTOP HERMITAGE MOUNT COOK,48.41
7/02/2022,7/02/2022,,DEBIT,690,Empire Coffee Christchurch,6.72
7/02/2022,6/02/2022,,DEBIT,690,THE GREEDY COW LAKE TEKAPO,17.61
7/02/2022,5/02/2022,,DEBIT,690,MYLOTTO.CO.NZ NEW ZEALAND,43.88
7/02/2022,6/02/2022,,DEBIT,690,LAKE TEKAPO MOTEL LAKE TEKAPO,65.56
7/02/2022,5/02/2022,,DEBIT,690,APPLE.COM/BILL SYDNEY,22.16
8/02/2022,8/02/2022,,CREDIT,690,PAYMENT RECEIVED THANK YOU,-720.78
8/02/2022,8/02/2022,,CREDIT,690,PAYMENT RECEIVED THANK YOU,-130.92
8/02/2022,7/02/2022,,DEBIT,690,Z Russley Russley,89.1
8/02/2022,6/02/2022,,DEBIT,690,TOWER INSURANCE - EIS 093692079,16.84
8/02/2022,7/02/2022,,DEBIT,690,PRINCE OF PERSIA RESTAURA CHRISTCHURCH,0.93
9/02/2022,9/02/2022,,CREDIT,690,PAYMENT RECEIVED THANK YOU,-656.78
9/02/2022,8/02/2022,,DEBIT,690,CW Sylvia Park Glen Innes,113.46
9/02/2022,8/02/2022,,DEBIT,690,PAK N SAVE SYLVIA PARK AUCKLAND,396.4
9/02/2022,8/02/2022,,DEBIT,690,SP   WICKEDLYINDULGENT HAMILTON,46
9/02/2022,7/02/2022,,DEBIT,690,APPLE NEW ZEALAND AUCKLAND,92.51
9/02/2022,7/02/2022,,DEBIT,690,UBER    TRIP HELP.UBER.COM,19.98
10/02/2022,9/02/2022,,CREDIT,690,PAYMENT RECEIVED THANK YOU,-3.82
10/02/2022,10/02/2022,,CREDIT,690,PAYMENT RECEIVED THANK YOU,-45.98
10/02/2022,8/02/2022,,DEBIT,690,APPLE NEW ZEALAND AUCKLAND,175.86
11/02/2022,11/02/2022,,CREDIT,690,PAYMENT RECEIVED THANK YOU,-101.98
11/02/2022,11/02/2022,,DEBIT,690,VICTORY CHRISTIAN CHURCH AUCKLAND,6.41
11/02/2022,10/02/2022,,DEBIT,690,MYRENT AUCKLAND,6.59
12/02/2022,12/02/2022,,CREDIT,690,PAYMENT RECEIVED THANK YOU,-102.31
12/02/2022,12/02/2022,,DEBIT,690,Noel Leeming 75 Auckland,46.48
12/02/2022,10/02/2022,,DEBIT,690,SP   PADDOCK TO PANTRY AUCKLAND,94.63
12/02/2022,11/02/2022,,DEBIT,690,LE PETITE FOURCHETTE AUCKLAND,12.49
13/02/2022,12/02/2022,,DEBIT,690,ST PIERRE'S NEWMARKE AUCKLAND,26.11
16/02/2022,15/02/2022,,CREDIT,690,PAYMENT RECEIVED THANK YOU,-145.52
16/02/2022,16/02/2022,,CREDIT,690,PAYMENT RECEIVED THANK YOU,-139.67
16/02/2022,15/02/2022,,DEBIT,690,The Warehouse 190 Lunn AVE,6.98
16/02/2022,15/02/2022,,DEBIT,690,NEW WORLD STONEFIELDS AUCKLAND NZ,204.84
16/02/2022,14/02/2022,,DEBIT,690,AIA NEW ZEALAND 094888800,76.8
16/02/2022,15/02/2022,,DEBIT,690,HESARISUPERMARKETPANMURE AUCKLAND,14.06
17/02/2022,16/02/2022,,CREDIT,690,PAYMENT RECEIVED THANK YOU,-4.14
17/02/2022,16/02/2022,,DEBIT,690,FARMERS 1140 NEWMARKET,115.17
17/02/2022,16/02/2022,,DEBIT,690,COUNTDOWN AUCKLAND,4.3
17/02/2022,16/02/2022,,DEBIT,690,TSUJIRI AUCKLAND,15.75
18/02/2022,18/02/2022,,CREDIT,690,PAYMENT RECEIVED THANK YOU,-74.09
18/02/2022,18/02/2022,,CREDIT,690,PAYMENT RECEIVED THANK YOU,-48.04
18/02/2022,16/02/2022,,DEBIT,690,ALIEXPRESS.COM London,4.41
18/02/2022,16/02/2022,,DEBIT,690,ALIEXPRESS.COM London,4.81
18/02/2022,16/02/2022,,DEBIT,690,ALIEXPRESS.COM London,7.6
18/02/2022,16/02/2022,,DEBIT,690,UBER    TRIP HELP.UBER.COM,26.43
19/02/2022,19/02/2022,,CREDIT,690,PAYMENT RECEIVED THANK YOU,-15.76
19/02/2022,19/02/2022,,CREDIT,690,PAYMENT RECEIVED THANK YOU,-11.55
19/02/2022,19/02/2022,,CREDIT,690,PAYMENT RECEIVED THANK YOU,-10.24
19/02/2022,18/02/2022,,DEBIT,690,Life Pharmacy Sylvia PK Sylvia Park,17.31
19/02/2022,18/02/2022,,DEBIT,690,KMART AUCKLAND,16.5
19/02/2022,17/02/2022,,DEBIT,690,VUSE SYDNEY,9.54
20/02/2022,20/02/2022,,CREDIT,690,PAYMENT RECEIVED THANK YOU,-436.59
20/02/2022,20/02/2022,,CREDIT,690,PAYMENT RECEIVED THANK YOU,-2.4
20/02/2022,19/02/2022,,DEBIT,690,TSUJIRI AUCKLAND,11.7
20/02/2022,19/02/2022,,DEBIT,690,ALIEXPRESS.COM London,12.29
20/02/2022,19/02/2022,,DEBIT,690,REDBUBBLE MELBOURNE 27.67 AUSTRALIAN DOLLAR at a Conversion Rate  of 0.9301 (NZ$29.75),40.94
20/02/2022,19/02/2022,,DEBIT,690,OFFSHORE SERVICE MARGINS,0.2
21/02/2022,20/02/2022,,DEBIT,690,CW Wstfield Newmarket Auckland,1.4
22/02/2022,22/02/2022,,CREDIT,690,PAYMENT RECEIVED THANK YOU,-21.64
22/02/2022,20/02/2022,,DEBIT,690,TOWER INSURANCE - EIS 093692079,29.6
22/02/2022,20/02/2022,,DEBIT,690,TOWER INSURANCE - EIS 093692079,21.36
22/02/2022,20/02/2022,,DEBIT,690,TOWER INSURANCE - EIS 093692079,49.78
23/02/2022,22/02/2022,,DEBIT,690,SKINNY AUCKLAND,3.09
24/02/2022,23/02/2022,,CREDIT,690,PAYMENT RECEIVED THANK YOU,-194.6
24/02/2022,24/02/2022,,CREDIT,690,PAYMENT RECEIVED THANK YOU,-14.14
24/02/2022,23/02/2022,,DEBIT,690,AT Parking Auckland,0.01
24/02/2022,23/02/2022,,DEBIT,690,OLA HELP.OLA.CO.NZ AUCKLAND,10.32
25/02/2022,24/02/2022,,DEBIT,690,MITRE 10 MEGA MT WTGN MOUNT WELLING,36.18
25/02/2022,23/02/2022,,DEBIT,690,MEKONG BABY AUCKLAND,11.52
25/02/2022,23/02/2022,,DEBIT,690,KFC GREENLANE - 604 GREENLANE,3.04
26/02/2022,25/02/2022,,DEBIT,690,NEW WORLD STONEFIELDS AUCKLAND NZ,357.78
27/02/2022,27/02/2022,,DEBIT,690,NETFLIX.COM LOS GATOS CA,23.33
28/02/2022,28/02/2022,,CREDIT,690,PAYMENT RECEIVED THANK YOU,-190.49
28/02/2022,27/02/2022,,DEBIT,690,SKINNY AUCKLAND,15.94
28/02/2022,27/02/2022,,DEBIT,690,MINT CAKERY AUCKLAND,5.07
2/03/2022,2/03/2022,,CREDIT,690,PAYMENT RECEIVED THANK YOU,-350.35
4/03/2022,2/03/2022,,DEBIT,690,SKILLCERTPRO HYDERABAD 19.99 US DOLLAR at a Conversion Rate  of 0.6737 (NZ$29.67),17.97
4/03/2022,2/03/2022,,DEBIT,690,OFFSHORE SERVICE MARGINS,0.71
4/03/2022,2/03/2022,,DEBIT,690,TEST PREP TRAINING WEST DRAYTON 11.99 US DOLLAR at a Conversion Rate  of 0.6740 (NZ$17.79),15.93
4/03/2022,2/03/2022,,DEBIT,690,OFFSHORE SERVICE MARGINS,0.49
5/03/2022,4/03/2022,,CREDIT,690,PAYMENT RECEIVED THANK YOU,-48.22
6/03/2022,6/03/2022,,CREDIT,690,PAYMENT RECEIVED THANK YOU,-7.86
7/03/2022,5/03/2022,,DEBIT,690,APPLE.COM/BILL SYDNEY,22.71
7/03/2022,5/03/2022,,DEBIT,690,US MOBILE  US MOBILE WWW.USMOBILE. NY 9.07 US DOLLAR at a Conversion Rate  of 0.6764 (NZ$13.41),6.32
7/03/2022,5/03/2022,,DEBIT,690,OFFSHORE SERVICE MARGINS,0.31
8/03/2022,8/03/2022,,CREDIT,690,PAYMENT RECEIVED THANK YOU,-23.54
8/03/2022,6/03/2022,,DEBIT,690,TOWER INSURANCE - EIS 093692079,24.35
9/03/2022,7/03/2022,,DEBIT,690,USCUSTOMS ESTA APPL PMT 317-715-6776 IN 4.00 US DOLLAR at a Conversion Rate  of 0.6814 (NZ$5.87),3.6
9/03/2022,7/03/2022,,DEBIT,690,OFFSHORE SERVICE MARGINS,0.09
10/03/2022,9/03/2022,,CREDIT,690,PAYMENT RECEIVED THANK YOU,-0.12
10/03/2022,10/03/2022,,CREDIT,690,PAYMENT RECEIVED THANK YOU,-37.93
11/03/2022,10/03/2022,,DEBIT,690,MYRENT AUCKLAND,47.64
13/03/2022,12/03/2022,,DEBIT,690,SP   TSUJIRI NEW ZEALA MT WELLINGTON,40.68
14/03/2022,14/03/2022,,CREDIT,690,PAYMENT RECEIVED THANK YOU,-26.74
14/03/2022,13/03/2022,,DEBIT,690,KMART ONLINE AUCKLAND,37.98
16/03/2022,16/03/2022,,CREDIT,690,PAYMENT RECEIVED THANK YOU,-358.87
16/03/2022,14/03/2022,,DEBIT,690,AIA NEW ZEALAND 094888800,63.14
17/03/2022,16/03/2022,,CREDIT,690,PAYMENT RECEIVED THANK YOU,-29.34
17/03/2022,16/03/2022,,DEBIT,690,PAK N SAVE BOTANY AUCKLAND,225.67
17/03/2022,16/03/2022,,DEBIT,690,GLENGARRY WINES AUCKLAND,103.75
17/03/2022,16/03/2022,,DEBIT,690,MYLOTTO.CO.NZ NEW ZEALAND,41.36
18/03/2022,18/03/2022,,CREDIT,690,PAYMENT RECEIVED THANK YOU,-51.26
19/03/2022,17/03/2022,,DEBIT,690,VUSE SYDNEY,47.7
20/03/2022,20/03/2022,,DEBIT,690,MITRE 10 MEGA MT WTG AUCKLAND,63.58
21/03/2022,21/03/2022,,CREDIT,690,PAYMENT RECEIVED THANK YOU,-434.6
21/03/2022,20/03/2022,,DEBIT,690,Chemist Warehouse NZ Onli Auckland,248.25
21/03/2022,20/03/2022,,DEBIT,690,SEPHORA NEW ZEALAND LIMIT Aukland,59.24
23/03/2022,23/03/2022,,CREDIT,690,PAYMENT RECEIVED THANK YOU,-113.22
23/03/2022,22/03/2022,,DEBIT,690,Menulog Auckland,7.33
23/03/2022,22/03/2022,,DEBIT,690,MYLOTTO.CO.NZ NEW ZEALAND,25.28
23/03/2022,22/03/2022,,DEBIT,690,SKINNY AUCKLAND,2.4
23/03/2022,22/03/2022,,DEBIT,690,VUSE SYDNEY,11.87
24/03/2022,24/03/2022,,CREDIT,690,PAYMENT RECEIVED THANK YOU,-193.73
24/03/2022,20/03/2022,,DEBIT,690,TOWER INSURANCE - EIS 093692079,19.79
24/03/2022,20/03/2022,,DEBIT,690,TOWER INSURANCE - EIS 093692079,163.37
24/03/2022,20/03/2022,,DEBIT,690,TOWER INSURANCE - EIS 093692079,120.06
25/03/2022,25/03/2022,,DEBIT,690,New World Stonefields Onl Auckland,117.08
25/03/2022,24/03/2022,,DEBIT,690,MYLOTTO.CO.NZ NEW ZEALAND,14.16
25/03/2022,24/03/2022,,DEBIT,690,TARGET ONLINE 03 489.00 AUSTRALIAN DOLLAR at a Conversion Rate  of 0.9274 (NZ$527.29),307.06
25/03/2022,24/03/2022,,DEBIT,690,OFFSHORE SERVICE MARGINS,11.55
26/03/2022,25/03/2022,,CREDIT,690,PAYMENT RECEIVED THANK YOU,-204.58
27/03/2022,26/03/2022,,CREDIT,690,Chemist Warehouse NZ Onli Auckland,-27.87
27/03/2022,27/03/2022,,DEBIT,690,NETFLIX.COM LOS GATOS CA,14.2
28/03/2022,27/03/2022,,CREDIT,690,PAYMENT RECEIVED THANK YOU,-13.25
28/03/2022,27/03/2022,,DEBIT,690,SKINNY AUCKLAND,17.3
30/03/2022,30/03/2022,,CREDIT,690,PAYMENT RECEIVED THANK YOU,-831.2
30/03/2022,30/03/2022,,CREDIT,690,PAYMENT RECEIVED THANK YOU,-0.12
30/03/2022,28/03/2022,,DEBIT,690,CATCH BENTLEIGH EAS 273.85 AUSTRALIAN DOLLAR at a Conversion Rate  of 0.9196 (NZ$297.78),357.61
30/03/2022,28/03/2022,,DEBIT,690,OFFSHORE SERVICE MARGINS,0.95
31/03/2022,31/03/2022,,CREDIT,690,PAYMENT RECEIVED THANK YOU,-2
